Temperature,Humidity,SleepScore
28.1,51.0,72.3
21.9,63.6,99.4
30.7,57.4,47.3
27.2,67.1,70.4
19.6,69.0,99.2
31.8,66.0,38.1
17.6,75.2,86.7
29.0,44.9,67.4
23.5,64.7,93.5
22.5,80.5,96.9
31.7,49.0,39.3
21.7,79.3,98.1
18.5,59.4,88.0
21.2,54.6,100.0
23.7,36.2,100.0
16.8,47.4,78.5
31.2,60.3,41.4
23.8,81.9,86.5
29.0,79.2,50.0
21.9,71.2,97.6
31.4,51.9,41.7
16.3,34.2,67.3
26.3,38.6,84.8
27.8,71.1,61.7
28.9,71.2,57.7
17.3,82.9,92.5
25.8,76.7,76.1
22.8,63.8,98.7
29.4,28.2,67.7
17.6,75.7,87.9
18.8,51.9,91.9
22.7,77.2,92.5
23.0,76.6,94.3
29.0,48.8,65.6
31.0,35.0,51.1
28.3,73.7,57.7
28.5,51.7,65.8
22.5,68.0,99.3
21.2,37.4,94.3
17.9,67.5,88.1
30.6,46.8,54.1
29.4,73.7,48.8
26.3,59.4,82.4
19.2,60.2,93.3
18.6,33.1,82.8
31.0,65.7,40.7
30.8,59.3,42.2
30.1,62.5,47.2
26.3,31.6,90.3
25.7,48.8,87.1
24.3,45.1,93.7
28.8,33.9,69.3
28.0,42.6,75.4
22.7,50.7,98.0
22.2,61.2,96.6
23.5,46.3,95.7
25.5,33.6,92.5
22.0,78.1,97.3
17.9,78.8,90.7
26.6,63.6,74.5
18.9,83.6,98.6
16.7,53.2,75.3
29.4,81.7,46.7
23.4,80.0,88.5
30.4,57.3,50.8
29.3,42.5,62.8
31.5,58.6,38.2
31.2,61.9,41.8
28.4,63.6,63.0
23.2,35.5,96.6
19.0,29.2,84.5
24.9,83.4,82.2
18.3,61.7,87.3
18.0,67.1,90.7
17.5,50.5,80.3
26.0,67.7,81.2
28.3,32.9,73.6
28.0,66.3,66.4
20.0,77.8,96.3
25.2,79.2,82.6
28.3,36.2,71.8
25.5,57.7,85.2
17.4,84.6,88.8
25.7,61.3,80.1
25.0,62.7,84.5
19.9,55.9,93.7
21.7,40.7,100.0
16.7,49.6,77.2
18.5,53.8,90.7
31.7,45.6,41.6
31.2,68.9,35.1
27.5,70.7,64.4
20.5,65.4,98.9
28.0,59.2,65.7
20.4,79.9,100.0
28.1,32.4,73.8
20.4,71.7,100.0
24.2,67.5,91.3
29.2,82.8,49.0
28.3,60.4,67.8
21.6,40.2,97.8
30.9,40.4,51.0
21.5,73.8,98.3
22.3,30.0,98.1
22.0,72.6,99.7
29.7,53.5,56.5
28.8,60.4,62.5
24.8,35.1,91.9
17.8,72.3,90.3
30.5,48.0,49.2
18.0,47.2,81.8
24.4,64.4,91.8
16.9,25.3,69.8
26.9,57.3,75.3
24.3,61.1,89.9
28.6,51.6,65.2
30.5,64.0,44.9
20.0,76.0,96.4
28.5,67.7,61.7
18.4,45.6,88.0
24.5,49.5,94.0
27.6,45.2,75.1
28.6,80.4,53.2
25.5,45.5,88.8
29.6,27.7,70.0
27.2,81.6,65.4
21.0,75.5,98.5
20.2,40.1,93.9
25.4,25.5,92.9
21.8,77.6,96.9
21.6,50.8,97.2
25.9,27.8,91.4
29.8,66.0,53.1
17.1,65.7,83.1
22.0,63.6,99.8
17.4,38.3,76.1
17.1,27.8,69.0
21.6,56.4,97.6
28.5,37.0,69.6
30.0,74.2,46.8
22.1,51.1,97.0
22.8,66.8,93.9
19.8,72.5,99.2
19.4,46.9,93.8
19.8,82.6,96.7
24.4,82.0,82.8
21.0,27.8,93.2
29.9,72.5,44.6
19.8,54.0,97.3
19.4,58.4,93.4
16.3,32.9,69.1
21.3,50.1,100.0
20.4,37.7,92.6
29.4,25.2,67.3
20.7,33.3,95.7
24.0,68.8,88.7
30.7,31.7,58.3
18.9,40.0,84.3
26.4,30.2,88.6
29.2,66.1,56.5
28.1,25.8,77.2
17.6,31.4,76.7
17.4,45.6,79.3
19.8,63.8,95.0
25.6,61.2,82.0
23.8,48.6,96.4
29.1,32.0,68.6
19.2,71.2,93.6
20.5,79.4,98.7
27.6,49.6,74.8
26.0,40.9,87.0
31.0,36.1,49.9
26.4,72.6,73.4
27.7,38.8,75.1
25.0,57.0,87.3
20.3,34.9,93.0
17.9,85.0,95.1
22.9,67.4,92.9
19.0,31.9,83.4
25.3,67.5,81.2
30.3,49.7,51.6
18.2,81.1,93.0
29.4,44.3,59.7
19.8,65.5,99.0
26.4,54.0,81.0
30.3,25.1,60.1
29.2,28.9,69.5
26.3,61.8,77.8
25.6,83.0,73.9
22.0,78.5,96.2
26.3,58.6,82.5
20.4,45.8,93.6
16.8,62.1,82.8
16.8,59.6,82.3
20.2,76.2,100.0
26.4,37.7,87.5
24.2,30.2,96.3
26.9,60.7,73.8
29.1,57.1,59.4
31.4,81.2,37.1
25.2,62.5,84.8
18.4,70.3,92.2
27.2,30.6,81.2
17.7,65.6,85.9
16.6,49.9,76.3
19.7,40.8,92.8
27.3,78.9,66.9
28.0,58.6,66.4
30.4,76.3,42.9
24.7,34.8,96.3
19.2,44.4,89.8
17.3,60.7,81.6
24.9,51.6,88.5
21.0,59.5,98.5
23.3,69.7,95.9
24.4,83.6,83.1
21.3,54.0,100.0
25.7,74.9,76.1
28.6,39.2,70.4
26.4,33.9,87.6
20.0,72.0,97.0
20.6,25.4,92.1
26.3,69.4,76.7
26.5,44.1,80.9
18.8,44.8,87.1
31.8,31.7,50.3
29.8,81.9,44.3
18.2,29.3,81.9
23.2,37.8,99.0
23.8,78.1,89.3
25.1,67.5,82.7
23.4,70.0,90.0
23.4,45.1,96.2
19.3,72.8,98.9
28.8,51.3,63.6
31.1,61.1,39.6
17.3,32.9,73.7
16.9,41.4,71.8
19.8,43.7,93.6
19.3,36.1,85.3
18.8,43.0,88.2
22.8,30.2,98.3
16.3,55.8,72.2
20.5,73.5,98.3
23.6,34.6,98.8
21.9,78.9,99.4
26.9,32.5,82.8
23.9,48.8,96.1
20.0,26.6,86.1
31.7,63.5,35.8
25.6,29.0,92.8
19.7,58.5,93.0
25.0,51.1,87.0
31.4,69.6,40.1
31.3,67.8,37.5
26.4,47.7,80.4
25.9,49.5,87.6
23.9,66.6,89.0
19.2,34.6,84.5
16.1,61.7,77.1
18.2,52.8,88.5
28.2,26.8,77.1
25.4,75.4,78.8
25.3,74.9,78.0
17.4,36.0,78.3
22.6,79.2,95.1
32.0,73.5,35.7
17.2,59.6,79.6
19.4,76.6,99.1
27.9,34.8,77.3
28.8,54.7,65.0
31.6,52.6,41.2
18.4,45.8,82.7
26.6,72.4,72.2
21.7,78.6,98.7
29.3,81.4,47.3
24.9,77.6,83.1
20.7,73.8,99.7
22.8,26.6,97.9
16.1,52.5,74.4
17.4,69.3,87.3
30.2,31.9,59.1
20.7,46.8,99.3
28.3,63.6,63.5
22.7,70.8,94.7
21.0,44.2,97.6
29.9,46.3,56.3
22.7,61.1,98.0
28.7,25.7,76.5
16.4,77.8,85.0
31.0,31.2,53.5
30.7,75.4,38.2
21.3,28.6,93.0
28.0,49.2,69.5
29.2,27.3,71.2
23.1,36.8,100.0
26.4,48.1,81.7
19.3,61.1,96.6
26.1,64.2,77.6
20.1,69.8,99.4
19.2,79.6,98.0
27.9,33.2,78.9
28.1,63.2,64.1
26.4,68.9,77.6
25.4,53.6,89.3
16.6,58.4,80.5
30.8,82.5,37.8
16.5,68.7,78.3
22.1,77.6,96.5
21.3,43.5,98.4
31.8,62.9,36.5
27.4,43.9,78.3
16.2,83.3,86.2
24.6,69.7,87.5
21.1,71.3,97.0
27.1,68.8,73.4
24.1,77.2,87.1
21.6,57.2,97.2
27.6,74.4,66.9
19.3,44.5,87.3
26.3,73.1,76.9
29.6,46.5,62.2
31.8,84.4,40.2
16.9,40.0,76.8
23.6,77.6,90.1
29.7,77.4,47.3
21.7,32.6,100.0
19.2,73.4,97.1
22.2,80.8,97.6
30.8,36.5,56.9
19.4,44.7,88.4
29.1,55.5,58.7
20.6,50.7,94.0
23.2,70.7,91.5
25.3,27.4,91.7
17.3,37.0,76.2
28.0,57.6,68.7
16.2,69.7,80.5
19.5,81.5,98.2
16.5,32.1,68.7
20.8,54.9,98.4
25.9,76.3,78.8
28.2,32.5,78.1
26.6,59.7,78.7
18.2,59.9,88.4
16.2,56.1,75.0
23.0,72.7,92.7
29.3,80.3,45.6
25.2,59.0,86.9
29.4,43.0,65.9
21.6,80.2,95.9
19.7,74.1,99.9
16.5,76.9,84.1
27.7,77.1,63.4
19.0,71.5,92.3
29.4,81.6,44.0
20.3,41.1,94.2
21.0,36.3,95.9
24.0,50.0,94.2
22.1,49.5,100.0
26.9,66.6,70.4
28.7,63.8,61.1
16.9,66.9,84.4
25.1,40.5,89.8
31.7,74.1,37.9
27.2,60.9,72.4
25.9,25.3,91.9
19.8,54.6,94.4
28.1,54.6,70.4
31.0,39.2,48.7
20.3,84.6,97.2
27.7,39.9,74.9
31.3,33.2,50.1
31.0,67.1,37.3
16.1,80.8,80.7
22.9,25.9,97.9
18.0,38.2,80.1
19.2,56.5,92.5
24.1,28.0,97.5
16.6,35.4,68.6
18.7,82.8,97.8
23.0,58.9,96.0
30.2,28.9,60.0
27.2,37.6,81.2
29.4,74.7,50.9
22.3,44.6,98.9
21.3,63.2,100.0
29.8,83.9,41.6
29.2,45.9,62.7
20.6,37.9,93.5
17.6,72.3,87.5
19.4,45.1,90.7
24.6,30.0,98.2
22.0,58.4,99.9
23.1,25.6,100.0
22.2,29.1,96.0
29.9,28.9,64.1
23.9,44.8,95.3
22.6,64.0,96.6
18.8,71.1,95.6
20.5,32.3,90.6
28.0,77.4,60.9
26.8,80.4,70.6
29.4,28.5,68.5
30.6,33.9,57.5
26.1,79.9,74.6
20.8,33.5,93.3
17.2,25.5,68.4
18.6,62.0,90.3
31.9,35.7,47.0
24.7,56.3,87.5
23.2,62.0,94.4
29.4,84.2,44.9
23.8,35.1,97.8
19.9,42.6,90.7
29.9,25.8,66.9
31.7,66.0,37.6
26.6,30.5,89.3
26.2,43.8,85.0
27.4,28.0,82.9
21.9,42.4,96.7
19.0,50.9,90.2
18.6,39.7,84.1
22.6,40.6,99.8
23.2,30.9,96.9
31.8,35.5,45.7
27.6,26.9,84.3
25.8,81.8,76.1
23.7,72.0,90.0
27.7,65.4,66.1
18.9,67.6,92.9
18.8,76.2,96.8
31.9,68.8,35.0
16.3,46.9,70.4
22.1,67.8,96.0
28.1,72.9,60.5
17.2,60.4,83.8
26.6,60.3,76.3
23.3,78.7,89.2
21.7,31.7,95.0
22.3,65.8,99.5
22.7,27.9,98.5
18.8,64.8,92.6
29.4,46.5,64.7
30.5,50.0,51.4
18.8,77.6,93.4
23.6,54.6,92.6
21.6,54.8,99.4
22.6,72.3,98.2
25.9,34.6,90.5
16.2,81.3,82.1
25.3,32.9,89.5
17.0,78.2,85.5
20.0,80.5,99.3
27.3,46.9,77.3
21.2,25.1,95.2
28.3,53.5,69.6
16.2,49.4,72.6
25.4,79.8,81.6
18.9,27.1,82.0
22.5,28.1,100.0
19.6,75.1,95.8
29.7,25.2,65.6
29.2,39.3,68.4
24.7,54.6,92.8
20.7,80.7,100.0
19.8,76.0,97.9
26.2,82.4,71.1
26.6,82.1,71.7
26.8,77.1,68.9
30.4,56.2,48.3
16.7,53.2,76.5
19.4,77.1,100.0
18.0,60.8,87.2
23.0,25.8,100.0
17.4,59.9,82.3
27.3,80.1,64.8
25.7,63.7,81.6
25.1,34.3,92.7
16.7,78.4,84.2
30.8,53.7,45.4
21.7,78.2,99.6
29.5,45.0,64.4
27.2,55.4,72.9
25.5,73.5,79.1
32.0,33.3,45.1
16.1,72.1,82.1
25.4,55.2,87.7
21.8,34.9,99.6
17.1,73.8,87.6
22.3,51.3,98.5
21.2,64.8,99.7
20.8,74.0,100.0
17.4,47.1,81.1
30.1,33.8,58.4
18.7,68.1,95.6
28.1,59.3,65.0
24.8,75.8,85.8
17.7,26.5,72.9
16.9,36.9,70.9
20.2,29.7,92.8
20.2,56.7,99.3
31.4,52.4,42.3
29.0,65.5,57.4
25.6,32.6,94.0
30.9,62.3,42.6
21.0,25.5,90.9
23.2,32.4,97.2
24.7,44.2,93.1
19.3,56.1,94.3
17.9,75.5,91.2
17.4,29.6,71.4
25.6,69.6,83.1
20.1,61.6,95.2
16.4,56.5,75.9
16.8,77.3,88.1
22.4,30.4,97.9
27.1,75.1,66.4
17.1,60.4,81.2
22.1,35.3,96.7
18.1,54.4,87.0
19.5,29.2,86.4
17.6,69.0,85.3
18.1,30.2,80.9
25.7,44.7,89.0
16.5,25.2,64.0
22.8,55.1,96.4
28.6,57.2,62.6
25.9,30.4,88.6
19.9,58.4,96.4
29.2,76.7,50.9
25.0,70.4,81.4
24.1,46.2,93.0
17.0,67.6,86.5
20.1,33.4,94.0
27.5,47.6,75.7
24.1,66.5,88.7
24.5,59.1,88.7
28.7,67.8,61.5
29.7,37.3,64.5
17.7,35.7,76.1
25.6,54.7,86.1
28.0,36.2,73.4
17.8,30.5,75.2
22.7,49.6,97.1
24.9,45.0,92.1
28.9,36.7,69.8
30.6,37.1,54.0
30.1,59.0,50.7
23.7,68.5,89.6
19.2,35.2,87.0
22.3,45.6,98.3
19.7,58.6,92.6
30.2,41.6,57.6
29.2,63.7,55.7
22.0,66.2,99.4
30.7,27.4,58.7
24.5,47.9,94.8
21.5,82.4,96.0
20.8,65.4,97.1
17.0,38.3,76.3
23.7,67.9,90.2
20.0,31.7,87.4
18.6,76.6,96.4
27.8,62.6,68.6
16.4,43.0,70.9
20.0,43.4,93.8
24.7,68.4,84.5
24.2,33.6,96.5
19.5,84.7,99.2
30.9,84.6,35.2
24.4,52.1,93.8
26.3,77.9,75.3
29.0,29.6,72.7
27.6,67.3,68.9
23.8,65.3,91.1
18.7,43.2,85.1
16.3,40.0,68.5
30.3,34.8,59.2
26.8,35.3,85.6
18.2,80.8,92.0
25.8,54.1,82.3
24.6,49.6,94.0
31.3,84.4,39.7
19.1,36.9,87.1
17.1,60.2,84.6
16.6,47.9,76.3
23.6,60.9,96.1
25.7,45.0,85.4
17.5,84.8,89.1
27.7,42.6,73.8
19.8,65.3,98.8
28.8,72.1,58.7
31.9,53.3,35.7
20.2,61.7,97.4
27.1,31.0,85.5
19.3,29.6,86.7
24.3,73.8,84.6
18.9,83.8,96.6
25.3,73.0,83.6
21.7,49.2,99.7
21.4,62.6,97.6
28.5,38.4,74.5
31.3,61.5,39.4
20.6,71.3,100.0
17.4,72.3,85.7
28.7,78.3,55.3
24.3,25.8,99.4
31.8,32.3,50.3
31.2,36.2,53.3
23.4,61.4,95.4
24.1,45.7,93.5
23.2,66.2,93.4
30.6,51.2,47.3
24.9,48.7,87.8
27.0,64.9,70.3
31.9,45.8,38.4
24.1,63.3,93.0
24.1,44.7,95.4
19.1,43.6,88.2
30.0,59.3,48.7
16.1,38.8,65.8
25.2,26.0,97.0
23.7,77.3,91.4
31.9,41.6,45.0
31.8,55.4,37.2
19.0,36.3,84.7
23.0,78.9,94.9
19.6,33.0,90.3
18.4,56.7,89.4
17.7,47.4,82.8
20.9,26.4,92.7
28.4,77.9,58.3
30.0,34.6,61.1
23.3,57.4,97.5
26.4,55.4,82.7
17.7,68.8,85.5
29.2,53.6,59.1
27.1,72.6,68.9
25.1,33.2,93.9
29.7,73.5,45.5
31.3,60.6,37.3
30.8,68.7,43.0
20.2,37.0,95.1
16.3,61.6,75.5
27.4,75.3,67.2
22.5,54.2,99.1
26.3,40.8,82.5
23.0,67.1,96.6
16.9,84.9,88.5
27.0,53.4,78.3
29.4,81.1,45.8
22.7,60.3,98.0
26.0,59.0,81.7
30.7,30.0,58.9
19.8,31.6,88.1
16.5,45.5,71.6
28.1,33.4,78.1
26.2,78.3,75.1
29.6,33.9,67.2
30.0,44.2,58.2
29.7,38.5,64.8
25.7,65.6,78.5
17.1,59.1,84.2
17.1,42.2,75.0
28.0,64.6,66.6
19.8,51.3,91.3
27.2,65.3,69.9
29.9,63.5,53.2
17.8,36.0,76.7
16.2,77.2,81.8
28.2,41.3,73.9
26.4,29.9,90.4
22.7,77.9,96.8
28.8,80.1,49.9
17.3,72.7,84.0
28.8,83.0,53.7
25.0,56.6,87.1
16.5,56.8,76.2
18.2,80.1,93.5
17.2,47.0,77.8
25.5,69.6,83.4
17.3,78.9,88.6
25.5,50.0,89.6
20.6,74.2,100.0
17.8,45.7,80.6
20.0,61.1,95.5
22.9,69.1,96.9
20.0,69.3,100.0
19.0,67.9,92.8
16.0,65.3,77.9
26.8,49.5,79.1
19.8,70.5,95.6
25.7,73.1,76.6
21.1,26.4,92.6
31.9,72.2,35.5
17.9,68.4,90.4
20.5,48.2,96.1
25.4,47.4,86.9
29.7,66.5,52.0
20.3,58.0,98.6
18.4,45.5,86.9
20.5,49.4,93.4
26.8,64.4,71.9
31.4,45.0,46.1
24.5,64.8,86.2
27.0,43.7,80.2
22.4,51.1,98.7
30.2,74.9,40.8
24.8,50.8,90.2
31.3,59.3,41.1
18.0,61.6,87.5
21.6,55.9,100.0
30.0,71.8,43.6
23.8,63.5,92.1
29.1,29.1,68.9
18.6,48.9,86.2
17.8,63.2,87.5
20.2,77.4,100.0
28.8,31.2,75.0
28.9,48.2,63.5
31.4,55.4,43.3
16.4,72.4,83.4
20.5,31.9,95.5
19.4,40.7,90.2
20.1,53.6,94.8
23.7,29.6,96.1
17.8,50.0,81.6
17.8,25.6,76.7
30.7,35.3,56.9
27.2,25.5,81.5
29.8,43.6,61.3
16.3,56.3,72.9
31.1,49.2,43.4
30.3,27.0,64.7
16.2,59.3,73.5
25.4,46.4,86.8
19.7,35.5,86.7
31.0,36.4,51.1
19.9,35.7,88.0
21.9,69.8,99.2
20.1,38.0,93.2
22.8,55.8,98.6
28.9,66.7,59.9
19.8,56.6,93.3
23.0,45.9,98.3
16.9,65.4,80.7
27.5,36.7,80.6
24.0,39.4,97.6
25.9,65.2,79.9
26.4,35.7,84.0
17.0,45.9,73.8
26.6,55.3,79.8
24.4,27.5,95.9
28.4,47.6,66.7
16.3,68.4,81.7
23.8,63.3,93.3
31.4,69.7,34.7
21.3,71.4,100.0
25.5,56.5,82.7
22.5,60.7,95.9
20.0,72.7,100.0
25.5,58.6,84.2
27.8,75.7,63.1
19.8,51.1,94.1
24.1,49.3,95.5
16.2,56.6,74.2
17.8,79.3,93.7
17.0,78.8,87.5
30.6,60.0,45.8
31.9,77.1,39.7
31.8,40.8,43.5
20.6,55.8,96.7
20.4,81.0,97.7
29.1,33.5,69.9
25.0,47.4,89.4
30.7,83.6,39.8
20.1,45.2,93.2
27.2,65.4,71.0
31.7,81.1,36.3
29.6,70.7,49.0
28.1,52.2,67.6
30.5,50.9,53.5
22.2,77.4,97.6
16.8,78.0,83.3
21.0,71.9,97.0
30.7,31.0,60.0
29.3,42.8,65.2
29.5,54.5,59.5
24.9,29.1,92.4
22.9,25.5,97.5
23.9,55.3,93.6
17.0,38.3,74.4
24.5,31.3,95.5
21.9,82.4,95.5
19.9,65.7,94.3
21.6,71.7,96.7
29.0,70.5,57.2
31.8,54.5,37.6
16.9,65.2,83.7
23.0,32.9,99.4
16.4,31.0,68.8
20.6,58.5,99.8
21.8,74.2,100.0
22.5,82.8,91.2
26.6,44.7,82.8
30.8,62.7,44.3
31.0,30.6,56.1
25.5,43.2,88.8
17.7,60.7,86.8
24.5,45.8,91.2
26.2,79.2,72.3
23.9,49.2,95.9
30.0,73.3,43.1
22.1,38.8,100.0
27.1,63.2,70.8
23.8,46.1,96.7
20.6,57.7,99.8
22.8,45.9,98.1
17.3,50.8,81.8
29.0,61.3,60.4
27.8,82.2,58.3
23.0,30.0,100.0
27.0,51.3,77.7
26.6,33.2,84.8
30.3,29.2,62.6
29.4,53.3,60.8
28.4,59.3,66.3
31.9,36.3,46.8
30.0,36.8,58.3
17.1,61.6,84.9
18.7,66.2,93.0
21.8,55.3,99.9
21.5,37.9,96.5
16.7,55.5,78.2
17.2,38.7,74.2
18.2,74.6,90.1
31.7,83.2,39.2
30.4,28.3,62.8
29.4,36.0,63.1
20.7,70.6,100.0
17.0,35.1,73.1
21.6,74.3,97.8
23.3,25.0,97.1
30.5,76.3,37.8
23.5,44.3,94.8
24.0,31.7,99.7
25.5,70.0,84.1
22.9,50.9,98.1
20.3,34.9,90.7
26.1,26.3,91.9
25.4,30.7,93.1
19.5,81.2,99.6
27.8,60.6,65.7
18.8,68.9,91.1
19.4,57.3,92.1
16.4,67.9,81.4
17.5,31.7,76.1
22.0,72.8,95.4
20.7,52.4,95.0
26.0,59.8,82.8
16.8,32.8,73.1
30.1,65.1,45.7
26.2,50.7,80.5
25.6,84.1,75.4
20.9,31.3,93.2
20.3,34.7,91.3
30.3,78.3,41.2
16.8,39.1,72.9
16.1,49.4,72.9
23.9,57.0,92.3
24.8,64.6,86.2
25.3,62.6,82.0
20.1,38.9,92.8
20.5,68.4,98.6
19.2,69.5,96.0
16.9,42.1,71.8
16.4,54.2,75.2
29.0,34.2,72.4
31.8,43.4,42.5
20.9,84.7,100.0
30.9,27.4,55.0
26.0,81.5,74.4
21.1,65.6,98.6
17.5,41.2,76.5
22.5,48.3,100.0
20.9,30.6,93.4
23.1,66.9,92.3
27.1,42.5,81.0
22.9,49.3,95.7
29.3,43.2,63.1
25.9,26.6,90.7
17.8,49.7,82.3
27.1,55.7,75.7
24.0,48.3,93.3
23.4,67.3,93.1
23.4,58.6,94.6
31.0,78.4,36.4
30.9,49.2,46.6
31.6,46.6,44.0
26.9,48.9,78.3
19.5,33.2,90.7
22.5,33.7,97.0
27.1,65.1,69.8
16.7,56.6,78.3
17.8,38.9,78.7
27.5,45.1,78.2
27.9,64.7,64.9
29.6,78.4,48.8
17.7,36.7,79.4
28.9,70.3,55.7
16.0,61.5,72.5
27.5,84.0,62.9
26.5,83.7,70.9
18.1,35.9,80.9
20.7,64.8,98.9
25.9,50.9,82.6
23.2,52.6,94.0
30.9,76.8,37.7
27.3,79.9,65.3
22.3,78.4,95.6
22.7,38.4,97.7
26.9,56.2,78.2
31.9,25.8,49.5
22.4,35.8,100.0
30.5,44.0,53.4
24.6,71.3,88.0
29.2,42.4,62.0
22.8,63.5,97.6
19.9,63.7,94.1
23.1,32.0,99.4
19.7,30.4,88.7
20.2,35.3,89.8
16.9,37.4,73.3
27.6,61.8,71.9
24.5,59.2,89.2
21.2,68.5,100.0
28.3,61.1,64.0
25.8,53.0,84.2
17.5,83.5,88.4
17.6,67.0,85.7
30.5,59.2,50.0
28.9,64.2,58.3
18.4,70.9,91.1
28.8,74.0,53.9
24.2,77.2,88.7
31.9,76.6,35.1
22.9,84.3,90.6
20.3,55.7,97.6
28.9,63.8,61.1
17.4,41.4,77.4
24.1,33.3,94.3
23.0,48.7,95.3
28.1,82.6,57.3
30.4,65.5,47.5
27.9,82.4,57.0
21.9,67.9,100.0
19.7,73.5,96.3
29.0,40.5,67.7
22.9,43.4,98.9
30.1,39.3,60.9
27.9,76.1,62.8
20.5,69.9,97.0
24.1,50.1,91.8
21.7,56.6,100.0
30.0,65.6,49.3
21.9,70.8,100.0
24.2,75.7,86.3
23.1,27.0,100.0
28.9,49.2,67.2
19.4,40.0,88.2
21.1,61.8,98.1
28.8,84.5,48.5
19.3,75.6,96.3
26.7,43.4,84.1
19.0,71.4,91.8
26.2,40.6,83.2
20.9,45.7,98.4
29.8,78.7,45.6
19.8,62.9,98.4
18.1,71.3,92.8
20.9,63.3,100.0
24.0,38.5,94.2
19.2,36.3,85.9
16.8,83.8,85.8
16.6,83.5,84.4
21.8,29.8,100.0
28.0,75.6,62.6
20.0,80.3,98.0
16.0,29.3,61.4
25.7,56.8,85.0
25.5,77.4,76.3
20.5,32.7,90.8
31.5,59.1,35.8
23.1,48.9,100.0
16.5,68.7,80.0
29.7,75.8,48.3
24.8,61.1,90.4
22.9,28.7,98.1
19.9,25.3,85.9
31.7,64.1,35.4
20.8,40.5,96.4
30.3,53.6,53.6
18.7,41.8,88.5
26.1,68.4,77.1
17.4,60.4,85.5
29.5,58.5,57.5
27.4,81.6,60.7
29.4,79.7,49.8
29.4,26.7,68.7
31.3,28.9,51.1
19.0,65.2,94.0
25.7,44.0,89.5
23.3,45.6,97.6
16.8,83.2,88.7
20.0,81.8,97.1
25.4,42.5,91.4
17.3,41.3,75.2
22.3,37.2,98.6
19.6,72.0,99.4
16.4,68.0,81.8
18.1,42.8,80.9
17.7,36.6,79.7
17.4,53.4,81.7
21.2,40.2,95.3
25.1,43.7,89.9
28.4,72.6,62.2
19.6,47.7,89.8
16.6,42.4,72.5
17.1,76.0,88.2
25.0,80.4,83.6
20.6,49.5,94.9
20.0,84.7,98.7
20.4,46.4,98.3
16.6,33.9,68.7
30.2,75.2,41.3
17.9,32.4,78.2
28.3,56.7,67.1
30.5,61.5,45.8
22.7,57.8,94.8
22.0,67.5,100.0
26.1,57.6,83.7
20.1,67.3,100.0
19.4,48.3,93.3
31.8,77.3,37.1
25.1,49.8,86.6
19.5,38.3,88.6
16.3,38.6,67.1
24.6,67.1,85.7
24.2,49.1,94.6
29.4,61.8,54.3
20.8,26.0,91.5
16.3,82.4,84.0
16.8,56.3,79.0
17.7,77.4,92.4
21.0,76.3,97.3
25.3,41.6,90.9
18.5,28.5,83.3
19.1,48.9,92.7
24.9,47.4,92.3
16.6,84.3,86.0
28.0,64.8,63.6
26.3,40.9,86.5
21.8,55.3,98.7
27.0,43.9,80.3
25.0,74.2,84.3
26.3,58.3,77.3
17.1,52.6,79.2
21.2,58.5,96.9
31.6,49.1,40.3
25.0,52.3,86.7
26.1,83.5,70.7
26.5,57.0,77.4
20.1,37.2,94.3
19.1,57.9,93.0
20.3,25.5,88.5
27.9,52.2,68.3
16.9,38.3,71.5
27.0,28.7,82.3
20.0,45.3,93.4
28.1,72.1,62.1
30.7,33.0,55.0
25.0,30.3,93.5
24.1,55.0,91.7
27.1,49.4,78.7
21.5,40.1,100.0
20.2,41.8,95.6
17.7,81.7,90.0
19.6,54.6,93.0
25.1,37.9,93.3
29.5,58.6,57.4
21.1,78.6,96.2
27.8,69.1,66.4
22.2,50.4,98.7
27.3,47.1,78.0
25.0,46.6,90.5
25.9,40.5,85.5
17.4,44.6,79.2
20.2,49.0,92.6
26.9,44.8,81.8
20.3,76.6,100.0
26.2,26.4,87.9
27.9,44.0,73.5
20.3,71.7,96.5
25.6,25.9,93.1
29.1,77.4,51.8
30.8,84.7,38.1
18.4,55.9,87.1
21.1,45.1,97.1
26.3,30.2,90.0
18.1,52.7,85.7
29.3,84.1,43.9
25.5,68.4,80.1
17.8,81.5,92.0
29.1,32.0,70.0
30.0,27.5,61.5
16.6,40.7,69.4
16.6,70.8,80.6
26.2,60.3,81.6
27.0,30.0,84.4
27.3,65.2,71.6
27.8,42.1,73.8
17.8,66.9,86.6
19.7,58.3,92.1
22.2,83.1,95.9
16.0,73.5,77.9
25.5,34.8,93.5
16.1,61.4,74.6
29.3,74.0,52.8
17.3,58.6,84.1
25.3,77.3,79.2
24.8,30.6,94.7
19.0,62.6,94.8
22.3,82.0,94.0
18.7,46.3,85.8
18.2,52.0,86.8
32.0,37.6,42.3
28.9,43.8,63.7
19.4,72.5,99.4
18.5,50.0,88.1
31.2,36.3,48.7
29.6,64.2,54.9
29.0,28.0,71.2
22.7,74.4,93.0
21.1,36.3,98.2
22.6,69.6,95.9
18.0,76.6,89.7
17.5,61.1,86.6
24.5,28.2,96.6
27.3,27.0,82.4
16.9,26.9,67.5
25.9,59.7,82.2
16.8,47.2,73.0
18.0,39.9,82.9
22.6,57.1,95.6
24.5,72.8,84.8
29.4,77.0,46.7
23.9,25.2,100.0
18.7,29.9,80.8
25.9,25.4,91.3
26.0,39.9,86.9
25.3,76.0,82.2
17.7,27.3,76.1
24.1,34.4,97.3
21.0,38.4,96.2
30.7,64.3,41.2
17.0,73.7,86.2
28.0,79.7,62.1
31.5,79.0,39.7
17.8,66.9,90.3
20.6,32.3,90.2
17.4,72.5,88.8
23.5,83.2,88.4
21.9,62.6,99.6
20.9,59.5,100.0
29.9,29.8,64.4
22.7,35.4,100.0
20.8,57.5,95.6
22.2,79.4,93.1
29.3,62.6,57.6
17.9,53.3,82.9
18.7,25.4,78.9
28.6,76.9,53.7
31.6,45.5,43.4
24.5,77.9,83.3
26.4,83.9,69.0
29.6,41.0,64.2
25.9,57.6,83.0
24.8,54.4,89.7
17.2,60.6,79.6
29.7,61.9,53.8
29.9,71.7,46.4
30.2,47.0,54.0
19.2,57.7,90.5
25.4,57.8,85.2
30.6,74.1,38.9
17.1,77.3,84.7
17.2,81.2,88.6
19.3,43.6,92.0
26.0,69.1,77.0
23.8,31.0,100.0
22.9,71.7,92.7
17.4,56.5,83.8
24.5,72.8,83.8
17.3,35.0,77.4
29.2,77.0,53.4
27.4,66.8,66.8
26.2,31.0,87.0
19.7,42.5,88.5
21.7,67.2,100.0
29.6,51.6,58.5
30.3,29.5,62.8
23.0,83.6,92.9
25.4,70.7,83.8
25.2,47.7,90.2
18.0,84.4,92.1
22.3,74.5,94.7
17.1,29.0,69.4
21.4,29.6,95.7
26.8,49.0,82.5
24.3,32.9,94.9
31.4,60.6,39.3
21.2,37.0,94.4
19.4,82.7,96.6
17.5,78.8,87.7
17.0,25.9,66.6
28.3,72.9,61.0
22.5,40.9,100.0
17.9,78.2,90.1
26.4,72.8,75.4
31.6,68.5,36.7
26.7,35.6,81.8
23.6,30.2,96.5
28.4,42.9,73.3
24.0,48.9,94.7
21.5,51.7,98.5
29.8,82.0,42.4
16.7,39.0,71.6
30.5,29.0,59.2
25.6,68.0,82.0
27.4,64.5,68.8
30.5,57.8,48.3
17.4,81.4,89.9
24.0,63.1,89.9
18.0,31.6,80.0
26.4,47.0,82.3
29.2,25.5,71.3
28.9,75.6,54.1
29.9,52.2,52.9
17.7,57.6,85.9
22.2,72.4,97.0
29.7,37.8,62.8
17.0,32.6,69.3
18.2,59.3,90.6
25.0,68.6,82.9
24.9,80.0,81.9
27.7,70.4,66.8
24.9,63.6,88.4
28.9,80.3,54.5
26.4,81.2,71.2
31.9,49.6,37.5
24.2,32.5,95.4
25.3,25.5,94.6
30.6,75.1,36.6
20.1,54.4,95.6
29.8,36.5,64.6
24.7,76.3,82.0
17.1,79.1,89.6
19.0,56.5,93.6
18.4,45.6,82.9
26.7,35.4,83.9
20.3,48.1,92.4
22.6,37.1,97.8
17.0,51.9,77.2
31.8,38.5,47.0
29.1,53.9,63.0
21.6,53.7,99.5
24.7,82.8,85.1
24.6,74.7,83.9
31.6,42.6,43.4
23.1,84.0,93.3
29.7,53.7,57.5
23.0,56.4,96.8
26.5,60.4,75.2
20.6,26.4,89.2
19.2,25.2,83.6
22.5,60.2,95.8
27.0,31.3,84.7
26.3,45.1,83.1
19.2,39.7,90.2
26.4,63.6,79.7
28.9,49.9,65.7
18.0,59.3,87.5
20.7,37.3,92.9
22.7,78.4,94.7
16.7,41.8,73.5
25.6,26.9,93.5
18.6,43.7,86.9
21.2,82.3,98.6
17.8,31.6,77.4
27.4,69.0,68.3
26.9,45.2,80.0
22.4,35.7,100.0
23.1,33.4,97.7
29.3,40.0,67.2
23.2,67.5,93.8
30.4,35.1,58.8
20.8,28.6,91.5
22.0,41.9,100.0
20.1,59.5,94.7
18.3,62.3,88.5
30.4,61.7,49.0
17.5,40.8,79.5
23.3,62.8,92.0
20.4,41.1,94.6
27.5,49.2,76.5
26.2,76.8,73.5
18.1,66.7,87.9
18.6,26.7,80.0
21.1,33.6,94.8
21.3,79.0,100.0
29.2,59.4,60.2
20.1,59.9,99.2
28.7,62.7,63.7
21.1,70.2,99.5
25.7,72.8,76.4
25.7,62.5,80.2
19.3,31.0,85.4
29.9,84.6,42.5
31.8,30.6,48.3
23.0,70.5,96.3
22.4,60.6,97.6
24.3,63.8,90.9
19.9,30.6,86.9
17.5,33.1,74.7
28.9,26.4,75.4
19.2,55.8,95.1
25.3,34.5,91.2
20.1,27.3,86.8
16.2,63.0,75.0
18.0,30.2,80.6
22.5,34.2,97.8
23.7,78.7,89.1
27.5,35.1,79.3
17.0,44.2,77.0
29.6,63.0,51.1
20.4,38.3,91.5
16.5,26.1,66.4
20.2,25.2,89.3
29.2,82.9,48.6
24.9,62.7,85.6
26.5,83.8,71.8
18.8,37.6,88.2
22.3,61.5,96.8
28.8,65.3,57.1
28.8,51.0,62.7
19.6,60.6,92.5
20.3,49.5,93.5
31.9,25.9,48.0
17.8,27.8,78.3
31.3,36.2,49.5
19.5,35.8,85.9
17.5,60.8,84.0
16.0,50.8,70.2
27.0,45.2,82.2
18.7,49.3,86.7
20.6,73.5,100.0
23.6,76.0,93.1
28.6,41.0,72.3
27.5,27.8,79.4
29.5,66.8,51.9
23.0,49.3,96.0
18.1,46.4,84.7
21.8,54.8,99.6
19.0,32.3,82.8
18.0,48.4,84.8
26.5,43.5,82.3
20.4,45.1,96.9
22.1,55.3,100.0
23.3,73.6,94.4
26.0,63.0,80.1
19.4,25.3,85.9
27.1,37.7,81.2
20.7,64.2,100.0
30.1,60.0,50.7
23.2,77.4,93.9
25.2,38.2,92.7
22.6,39.7,100.0
17.1,75.6,88.2
22.3,41.5,100.0
16.5,48.7,74.1
21.0,54.9,100.0
21.9,57.7,99.9
17.8,70.2,86.2
30.7,58.3,45.5
21.7,25.6,98.3
31.2,83.3,38.3
24.7,62.5,86.4
31.8,79.5,36.8
28.6,70.7,58.1
26.6,57.0,78.4
28.6,77.1,54.5
30.0,30.6,63.5
21.9,80.1,93.9
27.4,33.4,82.2
24.8,43.5,95.2
16.1,26.0,61.9
24.8,83.4,83.4
17.6,63.5,83.6
19.2,38.9,88.9
20.4,69.4,100.0
23.6,63.6,93.9
20.7,49.0,97.6
28.7,76.3,53.0
27.3,74.8,65.8
27.9,49.8,69.7
29.7,56.5,56.4
21.5,66.2,100.0
28.9,30.0,69.7
20.3,35.3,91.0
25.7,27.2,92.0
19.3,61.8,96.8
29.9,70.3,44.9
23.2,58.3,96.0
16.7,27.9,65.4
19.0,47.4,88.9
27.6,79.3,61.4
21.0,75.9,100.0
17.3,45.7,77.4
16.5,78.1,82.1
31.9,82.7,37.0
31.6,70.4,38.8
30.3,53.5,49.2
24.2,30.2,95.8
25.3,66.8,84.8
25.2,25.9,97.3
24.0,65.9,89.0
32.0,52.5,35.9
18.9,65.4,91.4
28.4,64.2,64.7
26.4,56.6,80.9
19.7,62.5,97.5
21.8,40.5,96.5
24.8,73.3,83.6
27.5,81.8,60.8
31.5,51.4,42.7
23.0,77.2,93.2
27.1,83.1,65.8
22.9,70.2,94.8
24.5,42.1,96.6
32.0,65.2,36.0
18.9,27.9,83.7
20.8,46.0,94.7
19.0,51.8,87.6
25.5,27.7,94.5
24.0,85.0,87.1
18.7,83.8,93.0
28.3,28.9,77.0
24.2,64.0,91.4
31.9,26.9,49.1
17.3,75.4,86.4
26.2,61.5,79.1
29.4,81.6,44.1
20.0,44.2,91.1
20.8,53.3,95.8
24.5,61.9,89.0
16.6,62.9,79.5
29.2,78.8,50.0
29.9,65.2,52.0
27.2,50.0,76.7
21.3,26.1,92.5
19.3,79.4,95.0
25.2,55.6,88.6
21.2,82.3,97.1
24.6,51.4,89.3
22.7,64.8,98.6
30.5,59.8,47.2
26.0,68.4,80.6
24.8,28.3,92.7
23.6,63.5,92.8
23.0,32.7,97.6
23.6,25.2,99.3
31.0,53.0,47.0
19.8,43.5,93.8
29.0,49.5,64.2
18.8,72.7,93.3
30.9,82.8,36.6
22.6,52.8,100.0
26.3,73.6,74.0
27.0,60.4,76.2
17.6,54.3,80.4
32.0,79.2,39.4
26.1,53.1,82.4
31.4,53.4,40.3
26.2,66.9,80.2
31.4,78.2,38.8
28.8,82.0,50.9
31.2,34.4,53.6
27.5,64.4,70.3
27.1,56.3,77.7
16.4,62.5,79.6
22.9,48.4,100.0
25.2,74.1,83.1
16.3,51.7,75.3
24.5,51.1,92.8
27.3,43.1,77.9
19.1,36.0,86.3
28.2,59.1,65.1
24.8,76.9,86.3
27.3,47.9,74.8
22.9,42.9,100.0
27.2,66.2,71.3
18.1,77.7,91.4
28.9,64.7,59.0
28.5,79.9,53.6
18.0,52.4,86.7
25.6,33.6,93.6
31.6,44.3,42.2
18.7,31.3,81.4
22.2,47.6,99.7
27.4,28.1,82.4
22.7,61.9,95.2
29.4,27.3,66.4
19.1,79.4,96.5
25.3,70.7,81.9
17.0,46.0,77.2
16.3,72.1,81.2
24.9,60.2,86.1
21.1,28.6,95.3
23.3,57.0,98.4
29.4,67.2,51.6
23.1,51.2,98.1
31.8,31.1,49.7
29.5,51.8,61.4
27.5,52.2,74.1
18.5,42.7,86.0
20.7,29.8,90.1
25.1,35.3,94.6
29.0,52.5,60.9
17.1,67.9,83.4
20.0,60.3,98.7
29.7,26.3,67.6
23.6,49.6,97.4
24.8,41.8,93.1
19.6,28.4,88.8
22.5,40.6,99.3
25.2,66.5,84.2
26.8,77.2,69.1
27.8,62.2,67.0
30.5,50.9,50.6
25.3,36.6,93.6
26.4,71.0,75.6
16.4,61.2,76.9
27.9,58.3,71.4
18.6,34.0,85.5
21.9,68.5,97.8
25.6,63.5,81.1
26.0,27.0,88.5
18.6,33.9,81.3
24.9,80.6,82.5
18.7,73.7,93.1
27.6,79.2,66.0
26.8,61.7,74.9
22.1,64.6,98.3
24.0,83.1,84.3
23.9,25.9,100.0
22.7,72.3,93.1
23.5,76.9,90.7
29.1,64.7,55.3
24.4,63.7,86.4
26.1,69.6,77.3
26.3,35.1,89.2
21.6,52.2,99.9
27.6,84.8,58.9
18.6,38.4,86.2
27.7,59.1,67.7
25.1,37.8,92.8
25.9,36.2,87.9
25.3,33.1,91.7
20.3,42.4,96.3
25.2,73.5,82.8
23.0,55.5,96.5
32.0,46.6,40.9
26.6,26.3,84.9
24.4,40.8,94.2
31.7,49.4,43.4
29.9,83.6,39.4
30.5,65.6,45.3
28.9,30.2,74.1
29.9,84.3,42.9
16.2,78.0,81.1
23.8,35.3,96.3
18.0,40.3,82.5
30.1,54.1,54.0
23.0,55.9,95.4
23.8,46.0,93.3
16.1,49.8,70.1
27.9,82.4,61.1
30.0,40.6,62.2
29.5,49.5,61.8
18.7,84.5,94.1
30.6,29.0,60.4
29.4,77.6,49.8
27.0,41.0,81.1
29.1,36.2,67.6
20.9,26.5,95.3
24.2,28.8,99.7
23.3,79.6,93.8
26.6,44.5,79.6
29.0,65.7,58.9
26.8,38.3,83.1
24.1,48.1,92.9
29.7,52.8,57.8
16.4,79.3,86.0
25.8,66.6,80.0
21.9,51.2,100.0
30.4,68.0,46.6
17.0,71.9,82.2
24.6,69.8,84.3
18.4,71.7,92.3
17.3,59.0,80.2
22.2,47.9,98.6
22.2,60.2,98.3
31.1,75.5,39.2
22.7,84.7,93.8
17.3,67.4,87.9
16.1,37.9,69.1
20.8,65.3,99.6
16.4,56.2,77.5
25.1,30.4,92.4
29.3,36.3,68.4
22.3,37.3,100.0
17.8,64.4,84.5
23.1,65.3,93.2
20.1,26.2,90.9
31.9,69.0,37.7
29.8,77.7,47.2
29.4,76.7,51.2
20.8,77.6,100.0
30.0,37.2,63.6
18.0,54.1,84.3
21.0,40.1,96.7
16.8,72.1,84.5
29.1,56.7,61.7
29.2,27.6,68.4
19.2,62.7,93.7
18.1,67.2,88.0
18.6,56.5,91.0
23.6,32.6,99.7
18.0,75.3,92.1
18.7,61.4,92.8
30.3,35.1,61.9
21.7,63.6,100.0
24.5,51.4,90.8
31.1,29.6,57.6
18.1,49.7,84.1
20.7,71.9,100.0
23.3,41.7,97.8
29.1,26.1,72.7
29.0,43.4,65.9
21.3,47.7,100.0
29.0,38.6,66.0
22.8,34.2,99.3
22.7,64.4,99.5
17.9,51.6,84.9
24.0,66.0,92.1
23.5,37.1,99.0
30.8,48.7,48.8
22.5,62.6,99.4
16.3,50.6,74.3
29.7,84.4,44.9
16.4,83.9,84.2
19.3,68.5,95.9
21.3,46.2,99.9
24.8,29.0,98.3
21.0,31.1,95.3
27.9,27.8,78.2
20.8,64.0,96.9
31.0,26.3,58.2
26.6,76.3,71.6
20.2,63.2,100.0
17.7,83.5,91.3
21.9,44.3,100.0
21.4,29.1,93.0
29.6,35.6,63.4
29.0,52.6,64.9
25.4,57.4,84.0
21.8,58.9,99.3
29.8,46.6,58.4
18.0,64.1,88.4
31.4,32.6,52.0
23.5,73.6,92.0
24.9,30.1,94.0
21.7,57.2,99.0
30.5,27.3,62.1
16.5,69.1,80.1
22.5,65.5,98.5
30.2,33.7,58.9
24.3,69.3,86.0
18.3,63.0,91.0
24.5,52.1,93.0
16.3,73.0,81.4
26.9,65.3,72.3
16.6,47.8,74.7
25.0,52.7,90.5
23.7,26.0,98.2
21.9,25.2,98.9
31.5,75.4,35.8
24.4,83.0,81.7
21.5,54.0,98.6
27.8,49.2,72.5
30.0,66.7,47.3
24.4,82.5,85.2
25.3,36.4,93.4
25.4,29.3,94.4
30.6,46.5,50.4
23.5,57.2,97.3
30.2,66.1,44.8
17.8,68.4,87.6
22.4,61.1,96.4
25.9,36.2,87.6
31.2,80.3,39.7
28.9,60.4,58.6
16.5,62.7,80.2
18.4,39.5,84.3
29.1,38.7,65.7
26.2,43.8,87.5
31.9,66.7,38.0
17.6,52.3,80.8
24.1,46.3,95.9
20.3,43.5,92.6
31.1,69.4,40.4
18.5,61.6,89.6
25.4,72.5,81.3
22.0,71.1,99.8
24.3,72.2,89.5
20.7,67.6,100.0
31.9,65.0,40.0
25.1,69.9,81.1
19.9,50.8,96.1
24.7,79.7,84.8
25.6,59.6,84.7
28.8,57.5,64.5
17.7,42.0,78.9
18.1,68.3,89.3
18.5,26.0,79.8
18.3,82.6,96.7
25.6,71.2,79.7
16.7,37.6,68.7
26.2,81.3,71.3
31.1,48.0,49.7
19.6,53.5,94.9
23.0,68.2,93.9
18.2,41.5,83.8
18.1,34.0,81.6
31.7,82.9,37.7
19.9,37.0,89.0
29.9,55.8,54.3
20.5,80.1,100.0
16.6,43.3,73.3
17.2,70.6,86.5
30.6,58.6,47.6
23.5,47.3,97.5
32.0,62.4,38.4
16.6,31.2,69.7
16.9,76.4,84.5
28.9,42.1,66.6
21.6,36.6,94.9
21.2,59.7,99.6
17.0,57.3,81.6
24.7,39.2,92.3
28.7,84.7,53.0
21.4,74.1,100.0
16.6,80.4,83.8
27.7,37.0,80.1
23.2,38.5,100.0
22.1,77.2,97.1
26.7,55.6,76.0
29.3,79.6,47.3
21.3,35.6,97.1
21.4,33.5,98.2
23.9,54.6,93.3
27.7,78.5,63.5
22.2,47.1,100.0
21.8,48.2,100.0
31.7,63.7,37.0
19.2,76.9,94.3
27.0,72.5,67.4
19.9,43.5,95.1
28.4,47.9,66.2
26.1,41.7,88.3
20.7,62.3,97.9
16.3,27.4,64.0
16.0,78.4,79.8
23.9,61.7,93.2
16.8,76.4,86.9
16.1,25.3,61.2
19.6,83.4,98.7
19.5,79.6,95.9
21.1,55.5,96.6
24.4,29.7,97.2
24.0,45.5,96.0
26.3,61.0,81.4
22.5,47.2,99.7
19.2,40.7,86.4
19.2,73.2,94.0
30.7,57.1,47.4
27.9,70.3,65.9
19.6,45.9,93.4
23.9,49.4,96.4
24.0,37.8,98.2
19.1,35.5,88.2
26.3,41.7,87.6
29.8,57.4,53.3
22.1,72.9,98.8
25.0,74.1,84.6
24.1,73.6,85.4
26.1,41.1,87.3
22.4,78.7,94.0
28.4,25.0,76.6
20.8,79.4,97.8
19.4,81.6,96.8
16.1,67.0,77.2
21.3,49.2,97.9
19.6,62.7,94.0
20.9,44.9,95.4
22.8,73.3,94.1
27.0,76.4,69.8
27.5,72.0,66.4
29.2,31.0,70.9
27.6,29.1,78.8
28.8,51.6,65.0
19.9,41.4,91.3
19.0,28.6,81.7
26.0,41.5,86.1
30.1,76.7,42.3
28.7,83.2,52.8
23.5,45.3,97.9
17.2,26.3,71.0
21.7,40.9,98.1
20.1,49.2,93.0
26.1,45.1,88.0
20.8,42.5,98.5
20.6,73.3,96.9
24.9,72.7,86.8
27.8,33.7,75.3
23.6,66.0,92.1
31.3,35.6,49.4
21.5,51.9,98.1
16.9,25.6,66.7
30.8,34.8,56.0
30.8,63.0,44.9
29.9,33.1,63.8
23.4,52.1,97.8
17.9,61.2,86.4
25.6,50.6,86.6
27.8,50.8,69.8
28.5,34.4,73.0
24.9,84.6,79.4
19.5,32.4,87.7
25.9,31.2,88.6
25.2,55.9,89.7
20.1,36.7,93.0
25.3,59.5,84.1
27.8,83.3,62.1
26.7,43.2,83.0
30.1,80.1,41.0
26.4,71.6,73.5
24.1,63.8,91.8
28.5,34.9,75.7
23.8,54.1,95.6
31.6,62.3,39.3
22.0,50.8,99.4
18.7,58.5,88.6
21.1,48.1,100.0
28.6,53.7,65.7
18.2,60.4,87.8
30.1,54.7,55.3
18.5,34.6,83.9
28.0,78.5,60.8
19.3,42.6,90.7
26.2,57.1,78.3
19.7,61.1,92.5
17.0,52.0,78.5
28.7,75.3,53.2
29.0,81.8,51.6
28.8,42.0,65.3
21.4,70.7,96.8
28.9,70.8,55.1
31.7,31.3,48.1
31.8,73.8,39.6
28.5,29.2,72.1
29.7,76.5,49.2
16.5,41.5,74.3
24.0,40.6,98.5
19.4,84.1,96.8
19.4,45.0,89.0
18.9,72.9,94.6
21.0,60.0,99.4
21.4,33.1,94.8
22.8,40.0,98.6
20.9,69.5,100.0
28.0,38.9,73.3
20.6,41.8,95.7
28.6,80.4,57.0
18.0,74.7,88.7
30.3,45.7,52.8
22.6,78.5,94.1
23.4,77.6,91.9
25.7,51.4,86.8
21.1,32.8,93.8
19.6,74.3,98.0
16.3,55.3,76.9
18.1,34.2,81.2
20.2,60.8,94.4
18.2,38.7,83.4
30.8,42.1,50.0
26.3,60.8,80.9
27.0,59.8,73.8
18.0,53.1,87.3
26.5,58.3,81.1
17.5,60.4,82.6
26.2,31.5,87.4
16.0,77.0,78.7
17.3,55.1,79.1
21.1,55.4,100.0
28.5,29.8,72.9
24.0,81.7,83.9
28.4,72.9,58.6
24.9,25.8,93.2
23.0,50.4,97.7
29.5,60.6,55.2
25.2,71.6,83.2
27.0,49.1,76.4
29.8,82.7,43.5
24.6,69.0,89.6
26.8,28.0,85.7
18.7,51.0,89.4
23.4,51.1,93.9
20.2,78.7,99.4
31.1,29.8,53.2
26.0,55.5,81.2
26.2,33.8,86.0
20.7,59.5,100.0
19.5,42.9,90.2
17.8,40.2,80.5
25.6,38.3,91.8
30.3,51.3,50.6
29.9,27.5,65.8
20.2,32.5,88.5
28.1,74.6,62.2
20.5,78.0,97.6
27.6,67.4,69.3
28.9,47.4,64.1
28.1,77.2,59.6
18.4,63.6,91.3
18.1,82.7,93.5
25.0,25.2,92.7
29.0,46.7,63.4
30.4,72.1,42.6
21.5,83.7,99.6
25.7,48.5,84.4
23.2,45.9,96.9
24.1,78.5,85.5
26.6,76.8,71.8
20.5,75.0,100.0
31.3,77.4,39.7
17.2,64.2,85.1
24.1,79.0,87.9
17.9,73.6,89.7
26.7,31.1,85.4
24.4,43.1,91.3
16.6,46.3,71.8
17.7,42.5,78.4
26.7,53.9,76.7
16.8,25.8,69.2
20.4,49.3,93.2
23.1,56.5,93.6
17.1,63.0,82.2
22.5,45.9,100.0
19.8,67.6,99.3
28.9,70.3,57.8
24.1,56.1,93.7
20.4,41.9,91.8
28.3,54.5,67.3
20.6,71.1,100.0
19.5,49.2,89.3
24.1,31.4,97.9
31.6,57.7,39.7
17.2,46.1,76.5
29.3,46.5,65.3
28.1,48.7,69.3
17.4,68.8,85.4
27.1,62.4,74.7
28.4,40.0,71.8
29.9,69.7,44.9
28.7,64.6,61.7
19.5,44.3,90.0
28.3,81.4,54.2
17.1,66.1,83.6
17.7,73.9,90.9
28.3,64.5,63.9
29.4,45.6,62.8
19.4,33.7,89.8
23.5,74.3,89.0
28.3,48.1,67.1
17.6,42.5,79.5
29.7,72.3,47.3
28.4,37.0,70.9
27.6,40.7,75.5
19.1,50.9,88.6
23.2,29.9,99.1
31.9,58.7,35.7
26.3,64.6,78.2
17.5,59.1,81.7
31.2,63.9,41.5
24.1,30.3,100.0
16.3,47.6,69.9
31.1,66.4,41.2
21.5,37.0,95.8
28.6,73.4,54.4
26.8,78.4,68.9
26.8,34.2,84.7
22.2,74.3,95.5
24.1,53.6,91.9
16.2,40.3,69.3
29.8,37.0,61.3
18.1,57.8,86.9
16.6,69.5,82.4
17.9,74.3,89.4
30.2,84.7,37.1
26.9,32.3,82.7
18.5,69.6,91.8
20.7,83.2,100.0
24.2,34.1,95.8
19.2,80.7,94.3
23.8,25.1,100.0
28.8,51.5,64.4
29.0,64.7,57.4
29.3,67.7,53.4
20.1,33.9,89.4
23.5,46.9,95.3
20.4,39.6,91.9
18.5,79.5,93.2
28.0,61.1,69.5
30.6,63.5,44.0
29.3,73.8,49.4
24.1,58.3,95.0
28.2,67.9,62.1
16.9,67.3,81.3
31.8,43.5,45.1
31.1,56.2,45.9
23.0,32.1,97.1
23.8,58.1,91.0
18.9,76.5,97.2
18.2,36.3,81.1
31.7,56.7,34.8
24.5,62.4,87.0
23.8,84.2,84.7
30.2,31.6,60.6
22.4,43.9,98.4
31.1,49.4,49.1
28.4,38.4,71.6
26.9,40.0,83.1
26.2,41.0,88.2
26.9,37.2,81.1
28.4,68.8,61.1
28.6,83.7,54.8
27.0,62.5,76.2
16.1,62.2,73.0
20.4,71.1,100.0
29.8,34.6,63.0
24.7,33.8,95.9
24.0,32.5,96.4
24.3,72.1,86.1
31.1,77.7,39.1
22.5,58.4,100.0
19.7,56.4,97.3
24.1,81.9,85.7
30.0,39.6,60.9
28.0,40.6,74.9
23.9,68.5,90.2
18.6,74.1,96.5
21.3,74.3,96.9
31.1,37.4,52.2
19.7,51.7,94.5
19.4,59.4,91.4
32.0,45.6,37.9
29.7,49.8,57.2
23.1,70.4,94.5
17.4,59.5,83.9
29.9,53.7,54.3
22.8,73.4,95.6
23.3,50.4,97.2
26.5,42.4,83.9
31.8,48.8,37.9
29.8,83.1,39.7
18.5,68.6,94.3
25.5,37.6,89.6
31.1,27.8,55.1
29.7,55.6,55.5
30.2,73.6,43.0
19.8,84.0,99.0
17.3,75.2,87.9
21.5,58.7,100.0
30.9,63.3,41.0
19.8,69.0,97.7
22.7,27.5,98.7
19.9,31.2,87.3
27.2,45.5,80.0
19.3,67.0,96.9
21.2,69.7,97.6
21.3,64.7,99.7
28.1,30.8,75.1
28.5,50.9,67.5
24.1,36.8,94.3
16.1,74.4,79.4
23.4,33.3,98.8
25.6,32.1,93.9
31.7,59.3,34.7
19.3,48.5,91.6
24.7,76.8,85.8
31.7,60.7,37.8
22.0,57.8,98.5
25.6,76.8,78.4
27.4,64.1,69.6
23.7,60.8,92.5
23.8,48.0,93.1
18.5,36.6,81.2
26.2,76.1,73.5
18.2,39.7,84.7
17.2,56.4,82.0
18.4,35.3,80.7
27.0,75.6,66.8
27.9,32.5,80.5
16.8,74.3,84.0
29.8,33.4,64.8
18.4,46.6,85.6
26.5,42.4,83.2
16.7,74.7,84.9
21.6,38.1,96.3
25.3,62.4,82.3
20.9,84.5,100.0
19.1,80.1,96.8
26.0,63.4,79.6
28.1,53.3,70.6
23.6,81.4,87.8
28.1,58.7,64.9
30.6,78.2,39.4
22.8,42.1,99.9
21.9,64.5,98.3
29.0,26.9,71.2
24.4,67.7,85.8
29.9,68.3,50.5
18.7,63.9,93.0
30.9,33.9,54.3
23.7,61.2,91.1
22.9,84.8,94.2
16.5,51.7,75.5
26.8,30.5,83.2
22.5,38.3,100.0
19.0,48.0,88.5
20.3,75.0,99.1
19.7,52.1,95.8
24.8,70.4,84.6
19.5,82.1,100.0
30.3,82.1,36.0
18.0,42.9,79.9
27.4,76.8,65.7
26.8,47.5,77.5
24.0,38.0,96.4
23.2,48.5,100.0
27.2,44.3,78.7
16.7,77.8,84.8
30.4,42.8,57.8
29.7,40.8,62.0
22.3,78.2,93.3
17.9,76.9,88.8
28.8,26.5,74.8
19.4,39.6,87.1
31.5,34.2,48.7
16.9,72.5,83.6
27.9,30.0,81.5
29.9,61.3,49.4
31.5,30.0,50.4
26.6,52.7,80.1
17.2,50.3,82.1
25.4,35.2,91.0
24.0,48.4,92.7
18.6,81.1,93.4
31.3,79.3,36.3
24.3,80.6,85.5
24.4,26.8,96.6
31.9,41.6,44.3
27.0,45.4,78.4
30.9,52.8,46.8
21.6,25.6,98.1
16.5,66.0,79.3
18.9,36.2,82.7
24.5,39.3,96.1
22.5,30.0,96.6
22.5,61.1,97.1
21.9,25.1,95.2
30.3,42.5,55.8
20.7,65.5,97.4
26.0,67.8,79.6
20.7,47.3,94.1
18.0,59.2,84.2
30.4,71.5,39.7
25.2,74.7,82.1
29.0,42.4,68.7
31.0,42.4,48.7
25.3,80.7,76.7
22.3,74.7,97.6
16.5,31.5,65.1
18.4,62.8,89.0
18.2,79.2,95.8
31.3,30.8,53.6
20.5,59.0,98.7
26.1,36.3,88.1
17.3,29.7,72.8
29.8,63.1,53.4
19.9,54.9,94.4
23.8,53.3,96.4
27.1,64.1,70.7
18.1,77.2,92.2
26.5,34.8,86.0
17.9,25.6,74.7
21.6,54.3,100.0
29.9,76.5,42.6
31.7,74.0,38.5
17.5,71.9,85.2
24.0,41.9,95.2
17.4,62.6,86.9
27.6,55.8,73.7
18.1,30.5,81.6
30.1,34.1,61.8
27.6,56.7,72.0
18.1,55.1,87.0
17.2,39.0,74.9
19.1,48.5,91.9
23.5,30.7,98.2
30.7,73.8,38.3
27.6,57.4,68.5
16.6,60.9,80.8
24.3,56.6,88.8
22.0,61.7,97.4
30.5,79.9,37.0
29.5,55.0,55.7
24.9,55.7,88.6
20.9,78.3,99.2
29.6,59.8,55.5
30.5,40.5,53.1
19.5,25.3,84.0
28.8,82.1,51.5
18.3,83.7,93.5
22.8,35.6,98.7
26.9,69.3,72.5
28.4,62.3,63.4
27.5,43.2,77.5
30.2,54.1,51.6
24.2,55.2,92.6
18.2,55.2,84.0
20.9,56.6,98.6
29.4,39.7,61.8
29.7,35.4,64.5
19.3,66.5,95.9
28.9,72.5,54.4
21.6,45.4,97.7
26.2,49.8,82.9
21.7,83.3,96.7
27.9,84.9,55.9
18.6,46.5,86.2
20.9,77.3,100.0
28.8,57.7,59.0
27.8,52.5,74.5
16.2,30.5,62.8
23.6,45.9,94.5
27.7,54.7,73.8
28.0,27.4,77.4
24.3,44.5,95.0
16.5,55.9,78.4
25.3,29.8,93.7
23.8,39.9,94.8
19.8,32.3,86.8
25.7,72.5,76.3
29.5,42.0,63.1
28.4,75.4,58.8
29.4,63.2,56.3
30.3,49.9,49.9
17.1,64.0,81.8
23.9,30.3,96.8
20.0,55.1,97.3
26.6,83.2,71.0
27.8,36.6,78.5
31.1,69.5,38.9
17.7,58.7,87.4
18.4,41.4,85.4
29.8,39.9,59.6
27.8,77.0,60.5
28.8,68.1,60.8
21.7,29.1,98.1
16.6,32.6,71.3
23.3,37.5,100.0
18.5,41.9,82.3
27.9,33.6,76.1
16.4,55.1,74.1
29.0,25.3,72.1
27.5,39.9,80.8
29.8,46.5,57.4
27.2,77.8,64.3
25.5,64.4,84.4
22.1,48.8,100.0
24.5,56.3,89.8
22.2,80.7,93.7
25.7,64.0,80.8
19.4,63.1,96.7
23.7,52.5,97.9
21.1,63.9,100.0
24.5,26.3,98.5
23.1,70.1,91.6
22.7,81.7,92.2
18.0,26.6,73.9
20.8,69.1,97.0
17.9,36.3,81.4
20.3,49.3,96.4
20.3,30.1,89.8
26.4,62.7,79.4
22.3,51.5,99.4
21.5,42.9,97.7
31.7,68.9,38.6
28.8,61.8,60.5
18.7,73.9,93.7
24.5,48.6,94.9
21.0,68.0,99.9
16.5,47.1,74.6
31.0,46.0,51.4
31.4,48.5,42.5
24.1,82.0,84.1
27.6,49.4,76.1
24.8,52.4,89.2
26.7,50.5,82.4
26.2,30.0,90.4
25.9,44.2,87.6
23.5,60.6,93.7
23.0,55.7,94.8
31.7,35.0,46.7
24.3,40.8,92.4
31.8,35.7,43.6
26.6,73.4,71.8
30.8,47.6,49.7
18.8,46.3,90.1
18.0,64.5,85.5
29.6,66.4,50.6
25.7,66.0,80.7
21.5,76.2,100.0
17.3,66.6,84.9
31.2,41.0,47.5
26.8,84.0,66.4
20.6,59.1,95.5
25.5,73.3,79.5
21.9,29.6,95.7
27.0,71.6,71.7
18.5,59.8,91.8
30.5,28.2,63.0
16.3,29.5,63.0
25.8,73.6,79.9
21.9,42.2,99.7
22.6,54.0,98.2
17.9,83.8,94.5
28.8,57.0,63.3
21.3,28.8,94.1
24.6,81.4,81.9
30.2,54.1,52.1
20.2,81.0,98.5
19.3,58.5,92.4
18.4,59.3,86.4
25.4,41.2,87.3
16.2,35.0,68.4
28.6,52.4,64.4
24.6,77.6,85.4
19.3,48.1,91.5
22.3,47.3,100.0
25.0,64.6,88.6
27.3,26.2,83.5
19.6,32.5,89.4
25.7,77.9,77.1
30.0,48.3,58.9
16.1,36.4,64.7
29.5,45.3,60.3
19.8,58.9,98.0
29.0,35.2,68.2
30.5,77.6,36.5
27.7,79.3,59.8
20.6,64.3,100.0
25.4,59.7,87.9
31.1,50.9,44.2
30.8,39.3,55.4
27.2,82.3,66.6
25.1,74.9,81.1
20.0,46.2,93.8
27.2,75.1,68.8
18.6,46.4,83.7
19.4,69.5,94.0
26.0,58.1,82.1
17.8,44.9,81.1
20.0,42.5,90.6
29.1,69.9,57.6
21.8,54.5,100.0
17.3,40.3,74.0
21.9,82.6,96.2
28.8,75.4,51.9
21.1,42.6,99.0
31.1,75.1,35.5
31.4,81.2,38.0
17.3,81.0,91.4
16.3,48.5,73.5
17.4,33.0,74.5
16.9,63.8,80.7
30.8,72.2,36.8
25.5,59.6,85.2
16.4,79.1,85.8
20.7,50.0,99.3
22.9,28.7,98.3
18.8,45.5,86.7
18.8,26.1,80.1
25.4,78.5,80.0
19.0,57.1,91.2
21.3,50.2,99.5
20.3,78.0,100.0
22.4,64.5,95.7
26.8,51.4,76.4
21.6,66.5,98.0
28.6,40.7,68.8
20.8,80.9,97.6
25.6,79.1,79.6
21.2,47.9,96.4
25.7,83.1,75.5
27.5,72.8,67.3
17.9,31.9,78.3
30.4,71.0,42.9
19.5,62.7,94.2
23.1,32.6,97.2
17.8,56.6,86.8
27.2,68.7,69.3
26.5,81.0,69.7
16.3,36.1,66.4
27.9,69.9,65.4
19.8,41.2,91.2
21.6,63.1,98.3
27.9,54.3,68.9
18.8,47.8,86.6
27.3,30.5,82.3
19.3,28.2,86.8
24.1,57.6,90.1
24.1,59.6,89.7
22.2,84.2,95.8
22.8,76.4,92.0
23.0,33.6,99.0
22.7,74.8,97.4
24.2,42.1,94.1
29.8,62.7,49.7
25.1,76.4,80.5
24.0,47.9,96.9
18.3,36.5,81.6
21.8,66.4,99.3
24.3,68.4,87.5
18.9,28.9,85.1
27.4,41.8,78.6
17.7,39.3,76.9
19.2,57.8,89.8
24.5,81.4,81.9
31.4,84.3,35.0
27.3,48.3,78.4
25.6,71.4,80.7
20.7,59.5,96.0
26.2,32.5,88.5
26.8,59.4,77.6
28.5,82.2,51.8
16.2,47.6,73.2
20.8,69.2,100.0
31.0,82.9,39.7
27.4,50.8,76.4
29.6,40.3,62.5
24.9,52.2,87.8
24.2,62.7,89.2
23.8,47.2,96.2
22.1,47.6,100.0
28.9,65.0,57.2
27.9,83.9,59.4
32.0,78.5,36.1
22.7,69.8,96.5
31.6,50.8,39.2
21.0,31.9,97.4
19.2,66.2,97.4
24.5,25.6,99.0
28.2,71.6,63.8
16.9,77.8,87.1
31.8,31.2,47.0
30.8,63.7,40.4
25.1,33.9,90.3
20.3,81.9,100.0
23.3,49.1,99.8
29.2,34.7,68.4
23.3,48.0,94.6
29.9,80.0,43.3
28.0,81.6,61.4
21.3,29.0,97.7
29.1,38.0,64.4
26.6,81.1,70.2
29.9,82.5,40.3
28.2,59.2,64.3
20.6,38.2,93.7
21.3,83.0,100.0
18.2,84.8,94.2
30.2,56.0,52.4
20.1,61.1,94.5
29.6,47.8,60.1
23.8,46.1,98.2
16.8,31.4,72.7
18.3,78.0,95.1
24.3,48.8,92.9
31.9,48.3,37.4
28.7,62.9,60.7
28.8,33.9,70.0
24.8,68.4,88.4
26.4,65.0,79.5
17.0,45.5,76.5
20.9,49.6,99.0
22.2,37.9,99.7
19.9,43.0,91.1
23.6,63.6,95.0
19.8,55.4,92.8
16.8,46.7,73.3
28.6,39.4,70.5
17.7,36.7,80.3
21.3,44.7,96.5
31.3,41.0,45.7
31.6,42.6,44.9
19.0,75.8,95.6
28.3,32.6,73.8
28.2,34.8,75.1
20.0,42.4,95.1
18.7,33.7,85.4
29.5,54.5,55.3
21.8,77.3,100.0
16.5,66.2,81.7
21.6,77.4,99.3
28.3,49.1,67.1
18.7,33.5,81.8
18.0,60.7,88.3
26.9,66.5,75.2
19.2,45.7,88.4
29.0,69.8,53.3
20.1,72.1,99.6
29.6,44.0,59.1
24.4,59.2,89.5
21.2,27.6,92.1
22.1,70.2,99.7
26.0,76.9,73.7
17.4,62.6,84.9
22.3,70.9,96.0
21.1,76.8,100.0
16.7,48.6,77.8
20.7,43.8,96.0
27.2,39.0,81.6
19.1,47.1,91.2
18.5,30.2,84.2
19.3,36.2,88.7
29.8,76.3,47.6
19.9,81.1,100.0
19.2,71.9,96.5
16.3,47.7,75.0
19.0,61.1,92.1
17.9,40.8,83.2
25.9,51.5,86.6
23.2,60.1,96.8
21.0,38.0,98.9
17.0,79.7,87.5
21.3,78.4,96.0
31.6,39.8,44.4
26.3,38.3,86.0
26.5,58.9,80.2
31.0,51.2,44.1
22.7,34.9,99.7
25.9,30.4,87.8
19.6,51.0,91.0
18.0,61.4,84.8
16.2,59.2,77.6
28.5,55.6,63.4
17.8,75.9,90.3
20.4,62.8,99.1
19.2,84.9,97.3
17.9,80.5,91.0
23.5,62.2,96.7
17.9,79.6,90.7
21.0,39.1,98.0
31.9,76.6,34.9
20.8,52.8,95.5
17.6,29.9,72.3
21.4,50.7,96.7
24.9,60.6,85.3
18.0,48.3,85.1
17.9,58.3,88.2
23.5,55.4,93.7
31.3,37.6,48.8
30.5,80.7,36.6
26.0,49.1,85.3
23.7,34.0,95.6
24.5,46.3,91.0
26.2,65.9,79.5
22.5,64.3,98.8
17.3,68.0,88.3
25.4,70.2,80.1
25.1,31.8,96.2
25.1,29.6,95.9
25.8,78.7,74.9
28.5,54.0,67.2
17.8,59.5,83.8
18.4,56.7,86.3
29.8,70.1,48.3
20.5,82.3,100.0
27.3,57.9,71.8
24.5,80.0,82.6
31.0,78.2,37.4
27.9,44.3,73.6
30.7,77.9,38.0
16.5,30.7,69.5
25.5,59.1,86.2
31.4,58.2,39.8
30.9,28.1,54.4
20.8,41.0,96.5
27.5,75.7,65.7
27.8,48.8,74.2
30.9,73.0,37.3
24.3,72.6,85.7
18.7,73.6,95.4
25.2,31.6,92.6
16.4,44.6,71.8
23.9,42.1,97.6
23.2,28.2,97.0
22.7,83.4,93.4
17.3,36.0,77.7
30.9,55.6,46.5
21.3,54.9,98.0
18.5,32.0,80.6
28.6,58.3,61.9
28.0,58.8,69.6
30.8,56.0,47.0
27.1,63.4,72.3
27.1,78.2,68.2
27.6,64.3,67.3
21.6,58.0,100.0
19.1,51.6,90.2
21.5,65.9,98.6
20.1,55.9,93.9
27.6,68.1,67.2
21.7,40.2,96.7
16.4,65.0,81.8
16.4,42.8,70.3
19.8,84.7,100.0
23.3,81.0,92.5
29.5,59.5,55.3
31.6,34.3,50.9
31.7,36.4,45.5
22.0,62.3,100.0
23.9,43.3,98.6
16.1,34.3,67.6
19.7,38.9,92.5
16.4,33.1,66.7
29.5,51.2,61.7
18.1,42.4,82.6
23.5,84.3,87.7
20.9,65.3,100.0
29.2,68.9,54.3
17.2,50.5,78.6
25.9,32.1,88.2
26.5,66.3,76.1
17.5,52.5,84.5
25.9,64.5,81.4
31.6,32.0,48.7
26.5,76.7,70.0
19.1,31.0,83.0
24.1,48.4,96.7
18.4,48.5,88.9
29.8,40.7,62.3
21.4,72.6,100.0
16.3,31.0,65.3
25.0,31.5,96.3
30.7,32.0,59.4
16.6,73.9,82.5
22.6,52.0,96.7
21.1,29.5,92.0
20.4,31.6,92.2
18.6,35.8,81.1
25.5,81.7,79.5
31.7,60.2,40.3
18.4,50.1,88.1
21.9,83.6,93.8
24.8,72.6,83.3
16.9,37.2,72.9
24.9,47.0,93.5
25.3,30.3,92.9
27.9,78.7,60.7
17.4,30.2,73.9
23.8,44.5,96.3
17.7,39.0,81.2
31.1,75.1,38.0
24.5,36.6,94.7
20.6,69.5,99.7
17.3,52.6,78.0
30.9,50.9,46.8
25.9,73.4,76.3
17.8,57.8,84.1
22.9,44.6,98.1
16.0,56.8,73.5
17.1,34.3,74.3
18.2,72.1,89.9
21.6,31.2,99.6
17.4,79.4,87.7
20.2,83.1,97.0
26.6,63.0,79.0
22.7,63.4,95.9
21.8,44.0,96.8
28.5,82.1,57.4
19.0,71.3,91.9
27.0,69.6,73.8
28.2,53.5,71.0
30.5,77.7,35.9
17.8,74.9,91.4
22.1,68.0,96.1
31.9,31.2,46.6
19.5,72.9,97.7
22.1,37.8,100.0
21.6,39.6,100.0
18.9,47.7,86.7
17.4,80.8,88.4
27.9,56.2,68.0
28.9,41.2,68.5
26.4,81.0,72.6
23.1,34.4,100.0
23.3,55.8,93.5
16.3,43.2,71.8
21.5,39.4,100.0
24.2,57.5,94.8
18.8,79.1,92.7
20.1,68.6,95.5
20.2,73.9,100.0
24.7,62.1,87.7
30.0,73.2,42.9
18.3,47.4,86.5
19.1,52.3,89.1
28.8,27.4,74.9
20.6,80.7,100.0
26.0,82.9,75.0
24.2,55.6,92.9
24.9,49.9,92.1
17.6,34.3,79.4
26.4,78.6,74.0
22.5,48.3,98.5
25.6,72.8,80.6
31.5,40.9,47.1
30.4,43.6,53.0
17.6,77.8,86.9
24.1,30.1,95.0
28.0,75.3,63.3
25.4,50.8,87.9
25.8,72.2,77.5
23.1,27.2,97.1
24.1,39.0,95.2
17.8,35.2,79.1
28.2,34.9,73.4
21.4,61.1,100.0
30.8,63.6,40.2
19.9,35.5,90.3
21.8,44.0,99.6
18.1,27.4,75.0
31.5,59.1,35.9
29.2,35.7,68.3
29.1,27.7,73.2
22.1,40.3,99.7
24.5,52.8,93.7
21.9,76.1,96.4
21.0,46.4,97.7
20.1,49.0,92.8
21.7,71.5,96.5
30.7,59.7,45.9
25.0,30.6,93.6
31.4,71.8,34.7
30.3,60.0,47.9
23.8,49.2,96.9
21.0,27.8,95.0
27.5,70.3,64.9
31.8,38.5,43.4
18.4,35.2,82.8
30.6,53.6,47.3
16.6,72.0,83.4
25.5,81.0,75.6
24.1,62.9,89.0
29.6,56.5,54.0
17.5,72.3,89.9
29.2,81.7,49.3
25.2,82.1,79.4
23.6,82.9,86.1
18.7,28.3,81.2
20.1,39.0,92.9
19.4,75.2,95.1
25.4,73.3,82.6
30.4,66.3,43.9
16.8,50.1,75.7
19.6,34.8,87.7
26.8,76.6,73.0
22.6,61.8,96.2
24.3,76.7,88.7
18.7,65.4,89.5
31.9,70.9,36.6
26.0,55.0,80.7
31.2,74.1,37.9
24.3,83.6,82.4
31.7,80.1,39.7
16.3,40.3,68.9
20.2,74.8,100.0
19.1,55.7,94.5
16.4,27.9,63.8
27.7,41.5,74.8
20.6,58.9,96.9
19.1,50.6,92.9
30.4,82.8,39.9
16.6,37.0,73.0
25.2,62.8,83.7
31.3,27.9,54.1
31.7,51.6,41.7
28.8,82.8,52.8
18.9,79.9,95.2
31.4,25.5,53.9
25.9,79.1,74.2
25.2,29.8,94.0
26.4,82.9,68.6
24.2,63.6,91.9
19.3,81.9,96.0
28.3,60.4,62.9
27.5,51.3,73.6
31.9,26.7,48.4
26.8,73.3,71.8
16.9,38.3,73.3
24.5,31.9,95.8
28.3,31.4,74.3
25.1,52.6,88.1
23.4,66.8,91.9
22.6,72.0,98.3
31.0,26.9,56.5
21.7,44.4,100.0
21.4,46.3,97.8
27.7,47.5,76.6
18.8,80.9,92.9
22.4,28.6,99.4
20.8,49.3,99.3
22.7,83.2,92.8
28.1,56.6,69.8
24.7,82.4,84.6
18.8,39.7,87.0
28.0,29.2,75.6
30.7,53.9,45.4
17.0,72.7,87.0
27.9,73.0,60.6
19.1,69.7,96.2
16.8,78.0,88.3
30.8,60.4,43.7
16.3,45.4,72.5
31.1,37.7,50.6
29.2,42.1,63.3
24.3,59.1,90.4
18.4,54.1,87.0
30.0,58.1,53.2
30.5,81.5,38.6
31.3,57.4,39.5
19.4,56.3,93.2
26.6,36.1,84.6
24.3,45.8,94.4
19.9,28.4,90.3
18.4,60.8,87.3
18.4,82.9,95.0
23.1,41.6,98.4
17.1,44.8,74.5
18.0,60.0,88.6
22.5,44.4,99.4
26.4,70.7,77.6
30.5,72.7,42.7
30.3,56.4,51.1
30.5,67.0,44.8
19.2,72.4,97.0
26.7,68.1,75.1
23.4,73.2,93.6
20.3,78.4,100.0
27.0,75.7,69.5
20.9,81.4,99.0
29.5,34.1,65.8
25.3,65.1,81.0
16.8,41.7,71.9
20.6,67.9,97.9
17.3,77.8,89.9
31.7,39.5,46.0
29.9,80.7,45.0
19.2,70.7,93.0
17.1,34.3,72.6
26.9,73.6,71.4
18.7,67.6,93.8
18.3,56.2,85.1
18.0,78.1,90.7
24.8,52.2,87.3
26.9,50.8,79.1
21.2,53.6,98.6
18.1,30.0,80.5
16.2,58.2,72.5
24.4,84.2,84.8
31.0,37.8,52.2
23.7,63.1,91.6
30.1,29.3,62.9
22.6,28.6,100.0
24.1,75.5,87.8
29.3,77.6,47.5
29.9,54.4,55.8
20.4,54.2,94.7
20.6,74.9,99.8
25.7,48.8,84.9
17.5,42.5,80.8
22.8,54.8,96.1
20.7,42.1,93.4
31.7,60.4,35.4
24.0,64.4,91.6
17.7,29.3,74.8
20.6,25.3,92.8
25.5,42.8,90.0
16.5,40.0,68.8
22.8,59.8,98.3
17.3,79.4,86.2
29.8,32.0,63.3
26.5,64.6,73.7
31.7,65.5,38.4
22.1,66.8,100.0
17.9,75.8,93.1
21.9,63.5,100.0
26.5,68.1,78.0
23.7,61.2,94.2
18.3,66.7,89.1
16.7,33.7,69.6
28.5,67.7,58.7
31.1,83.3,39.0
24.6,59.7,90.5
20.1,75.9,98.6
25.5,52.5,86.4
31.6,53.2,42.6
31.4,76.3,38.9
16.3,74.3,78.3
25.9,69.3,76.3
16.4,25.5,67.2
30.9,81.1,37.2
23.6,49.6,94.4
21.8,34.1,95.1
27.3,51.1,73.6
18.9,30.6,81.0
31.2,73.4,37.0
23.9,29.9,98.6
29.4,56.7,55.7
20.1,45.6,96.2
19.4,53.2,90.6
17.1,83.3,88.5
29.6,61.4,54.8
19.5,36.1,86.8
19.3,55.0,90.8
23.5,44.6,96.7
26.5,74.2,75.7
23.3,78.8,90.4
18.0,75.0,89.0
24.0,54.2,92.1
22.7,43.3,97.7
20.9,62.2,99.9
27.6,47.3,72.3
31.8,74.9,38.2
21.2,65.5,98.7
22.8,68.3,93.9
19.4,47.2,91.9
19.2,39.4,85.6
25.4,54.3,87.0
19.8,25.6,84.8
26.6,34.2,82.9
18.5,26.2,78.3
28.2,50.0,71.1
27.9,60.6,69.1
17.7,32.3,76.4
23.6,64.3,95.2
20.5,46.9,97.7
28.3,52.0,68.8
18.4,83.9,94.6
17.6,77.8,92.0
16.9,75.9,88.1
16.7,40.3,69.6
25.4,50.3,89.5
22.4,81.5,95.3
18.6,83.4,93.8
27.0,81.9,68.3
18.2,27.7,76.0
25.2,81.2,81.1
27.7,44.5,75.8
25.0,30.3,97.0
17.1,30.0,72.2
27.0,80.5,69.5
27.1,75.0,68.1
20.7,27.8,92.2
24.5,75.5,86.8
18.8,35.9,83.1
29.2,79.6,51.7
17.5,80.9,87.6
30.1,35.5,63.3
20.2,46.0,94.4
18.2,75.6,94.4
18.6,53.8,91.2
28.4,57.0,65.0
26.2,39.5,86.2
25.7,44.1,85.7
27.2,43.5,80.1
20.2,62.3,98.7
19.5,25.3,85.8
24.8,65.3,85.5
25.3,51.3,86.6
28.2,78.9,56.7
21.3,62.1,100.0
30.4,78.6,36.8
28.8,59.7,60.2
23.1,28.1,100.0
21.6,80.2,95.9
29.3,46.0,64.8
16.5,60.1,79.2
21.0,62.4,99.5
16.9,30.6,70.6
27.9,64.9,65.0
24.5,62.6,89.4
17.0,68.7,84.2
27.0,77.3,71.2
24.3,83.6,84.2
21.8,40.0,95.9
27.1,42.8,76.7
30.5,58.1,50.3
20.7,29.6,92.1
20.4,38.6,93.1
21.9,25.3,95.5
18.2,27.1,76.4
20.9,54.0,97.6
26.6,79.4,67.9
31.9,45.4,38.8
29.5,72.5,52.5
19.2,80.3,96.4
29.4,55.1,57.1
25.7,49.9,87.5
26.3,35.0,89.2
27.0,58.5,75.4
25.1,80.1,77.9
27.2,82.8,63.6
30.1,68.4,48.8
26.8,60.7,78.1
28.8,64.2,60.3
24.1,78.0,86.6
23.4,42.0,95.5
18.3,55.5,87.0
21.3,28.4,96.5
29.2,42.5,65.6
18.5,60.3,89.2
30.5,60.2,45.0
20.8,71.1,97.1
16.5,68.4,81.9
23.6,37.4,98.0
32.0,70.4,35.8
24.2,67.3,89.1
17.7,62.6,84.9
28.1,73.4,63.6
20.0,42.9,93.2
28.3,45.1,69.4
16.7,67.7,81.8
25.2,64.0,85.9
28.4,59.7,62.4
17.4,81.9,90.9
16.7,27.5,68.4
23.5,38.2,96.5
31.3,56.8,41.5
17.4,27.9,71.6
28.4,82.4,55.6
26.5,82.1,68.0
26.3,77.3,74.4
16.4,62.9,79.3
31.3,43.0,46.2
18.5,59.0,88.4
25.7,36.6,90.7
26.3,76.0,76.3
24.3,42.3,93.2
16.5,46.2,70.5
32.0,84.4,34.7
19.2,32.4,83.5
19.2,52.9,91.9
21.1,74.8,98.5
28.7,41.9,67.7
24.7,38.9,90.9
28.8,77.1,52.1
17.0,76.7,87.1
25.7,48.6,87.5
31.4,64.9,35.8
27.2,37.5,80.3
25.4,49.8,87.1
24.3,32.7,93.8
23.2,66.1,96.6
29.7,68.3,50.8
26.9,45.8,81.6
23.1,67.4,96.4
29.6,78.0,44.3
31.4,35.1,48.3
26.4,31.3,86.3
29.0,74.3,54.0
21.5,46.4,99.2
30.4,66.1,45.0
16.2,48.8,70.0
26.5,54.7,76.8
21.9,38.0,99.2
30.7,45.5,52.0
25.8,43.5,85.9
29.5,29.6,67.1
22.2,27.1,100.0
22.2,79.2,93.7
19.2,66.8,94.7
24.1,75.5,87.7
20.8,30.5,95.2
16.1,49.3,70.2
28.4,84.7,55.6
26.2,60.7,79.7
19.3,48.6,89.5
20.3,75.0,97.0
26.8,57.0,76.5
22.9,41.5,100.0
19.3,39.1,89.9
17.6,71.7,89.9
26.0,30.6,92.2
24.5,32.6,95.9
22.6,64.9,94.1
28.3,67.6,65.1
27.0,63.5,75.0
16.4,32.7,70.4
31.9,61.7,40.4
26.4,33.4,86.5
20.6,48.2,93.6
19.8,62.7,98.4
20.3,37.1,95.5
20.2,43.2,95.4
25.3,39.3,93.5
24.2,43.6,95.0
23.9,36.1,98.4
26.9,83.5,69.2
29.7,54.6,53.8
29.7,47.6,58.7
24.8,84.6,81.9
27.1,30.5,85.8
27.3,60.9,70.8
25.6,71.9,79.9
20.5,29.9,90.1
26.9,45.2,78.9
31.8,83.7,34.9
23.4,48.8,98.8
16.0,60.8,73.6
31.9,60.6,40.6
26.7,82.7,68.2
20.1,51.0,93.3
18.9,44.7,85.5
29.3,60.5,58.5
26.5,26.9,86.5
28.9,55.5,65.0
22.4,50.0,98.6
31.0,81.8,38.2
30.1,48.6,57.1
19.1,41.3,89.7
18.5,34.6,80.1
18.3,63.9,87.8
22.7,84.3,94.6
29.3,59.7,59.5
30.1,41.3,61.1
22.4,70.5,95.9
26.3,83.6,72.6
26.2,56.7,78.7
23.8,47.0,97.7
23.1,38.4,100.0
24.8,36.9,91.7
24.9,38.8,92.1
22.7,50.4,97.8
23.1,63.8,93.6
20.5,32.0,90.2
31.3,50.9,45.3
23.2,37.4,99.5
18.4,82.3,96.8
30.3,70.1,45.0
31.8,84.9,38.7
20.5,80.9,100.0
22.9,78.0,91.3
25.6,53.7,88.4
31.5,73.0,38.7
21.9,30.8,94.9
26.8,35.7,81.0
27.4,74.1,67.8
31.8,78.6,38.1
16.5,80.5,82.6
16.3,69.9,81.2
31.4,35.5,48.7
25.8,54.2,84.0
28.0,65.6,63.8
28.4,32.6,76.6
27.6,59.4,72.8
23.6,74.1,93.5
31.9,30.8,49.0
22.0,43.9,98.7
25.4,82.1,79.5
31.3,66.9,38.5
16.6,26.7,66.3
21.8,52.4,100.0
23.4,84.5,89.7
31.1,38.2,48.5
25.7,49.9,85.5
26.3,64.4,80.2
18.9,59.8,93.8
21.8,60.6,97.6
19.0,67.7,95.0
22.6,66.4,98.1
29.7,69.1,51.8
17.9,75.2,91.3
25.4,40.0,87.4
28.2,63.3,62.8
17.5,61.0,84.4
26.9,65.8,75.7
24.2,47.6,96.0
18.0,54.7,83.6
18.5,69.8,92.0
22.1,47.3,100.0
25.9,72.9,75.1
25.7,74.7,76.0
16.8,57.5,76.7
30.8,43.7,50.4
28.5,71.8,58.3
26.5,36.0,82.9
25.6,75.2,76.7
20.2,28.4,92.3
20.4,72.7,100.0
18.3,48.3,87.1
21.9,53.6,100.0
21.4,37.5,100.0
20.5,25.2,89.8
18.2,65.8,89.7
19.1,38.6,86.2
19.4,67.4,98.4
30.8,59.8,46.1
25.1,57.9,88.9
22.6,60.0,95.4
20.6,32.7,94.7
21.6,35.1,96.4
22.1,34.9,100.0
20.5,62.6,100.0
30.9,48.8,50.4
31.3,31.8,52.7
20.6,64.6,100.0
24.6,71.3,83.4
25.0,44.1,91.8
20.0,76.1,99.6
26.6,55.5,77.0
23.7,59.7,95.2
16.0,68.3,80.0
23.1,51.6,97.1
27.5,68.3,65.8
31.2,52.0,42.7
24.6,27.9,93.9
22.6,44.3,97.3
24.9,71.1,83.2
17.5,46.2,82.4
20.4,28.2,91.3
18.0,79.0,89.9
18.0,78.4,92.7
24.3,44.4,95.1
28.5,34.9,70.1
22.4,27.2,98.4
27.9,57.9,68.6
18.7,54.8,91.8
26.8,83.1,69.3
23.6,64.3,94.7
19.0,37.1,88.6
30.0,65.8,49.7
16.8,54.0,79.5
18.4,82.8,94.9
30.7,55.1,48.5
24.5,46.8,92.7
30.6,47.0,51.5
24.5,73.0,83.4
19.1,61.7,93.1
22.1,38.6,100.0
16.3,82.1,81.2
30.9,40.1,51.3
29.2,48.3,64.1
17.1,62.7,85.1
23.2,83.7,91.0
31.5,47.2,44.8
21.0,66.6,97.4
30.9,56.2,45.6
19.3,26.9,82.2
25.3,50.5,89.3
17.0,26.5,69.0
25.4,56.1,86.9
30.9,41.1,52.8
20.5,70.4,97.6
22.6,73.8,95.7
31.1,66.7,38.1
30.8,36.5,55.6
25.6,81.1,74.1
23.1,73.8,92.9
30.3,78.7,41.6
28.0,39.6,77.5
17.8,38.9,82.2
18.3,81.0,94.9
21.7,34.4,97.2
26.2,63.2,81.2
17.9,33.3,81.2
23.4,82.9,88.2
31.9,63.6,38.6
20.4,46.4,94.6
26.5,54.3,79.9
16.3,29.3,62.6
18.1,69.3,88.3
30.7,52.8,49.4
27.1,58.0,74.1
17.2,49.6,77.1
30.2,44.6,56.5
29.2,50.4,62.0
31.9,39.1,40.8
21.5,76.5,100.0
20.7,61.4,95.9
18.1,63.3,86.7
29.2,50.0,62.1
24.4,76.5,87.4
26.4,29.6,86.7
23.9,56.6,93.0
22.9,29.4,100.0
27.2,55.5,76.2
19.6,82.8,96.9
17.0,32.2,74.4
23.0,31.4,99.9
27.0,28.9,84.4
30.3,27.0,62.1
22.8,63.6,99.1
23.7,31.7,95.7
21.5,60.5,100.0
24.4,78.7,88.0
18.7,41.3,88.3
28.6,82.3,56.3
19.1,26.2,81.2
23.7,68.6,91.9
23.4,46.3,96.5
26.7,80.3,67.9
26.1,29.2,91.1
27.3,74.5,64.8
28.9,75.2,54.0
17.0,30.7,73.2
24.8,34.0,95.0
29.4,47.0,59.3
20.9,60.1,100.0
27.2,44.8,79.8
17.8,39.5,81.1
28.2,40.7,70.5
21.5,54.7,100.0
17.7,80.8,93.2
26.4,73.6,74.5
31.0,46.7,48.7
22.1,56.0,98.0
22.1,33.6,100.0
25.9,66.6,79.9
24.7,81.9,79.5
22.7,42.8,96.9
16.9,80.7,85.3
22.9,36.0,99.4
28.2,66.6,65.3
17.3,72.6,86.5
30.7,42.3,49.9
27.5,55.8,73.6
27.7,53.8,74.2
17.9,41.2,78.1
28.0,82.9,55.4
27.0,68.8,71.1
25.0,28.1,97.5
16.5,69.5,82.7
18.7,57.2,92.1
22.4,79.7,94.7
16.5,41.7,70.5
28.4,33.4,77.0
22.6,30.1,99.4
22.6,29.3,97.4
22.8,54.5,98.3
21.7,83.8,96.0
27.7,76.6,65.1
31.2,72.7,37.9
22.5,38.0,98.6
21.5,29.3,98.2
29.9,32.6,62.4
21.4,45.3,100.0
21.1,84.0,96.0
30.7,66.3,44.5
21.6,79.9,98.8
27.5,67.1,65.8
23.4,37.8,99.7
19.3,63.9,94.4
16.8,54.2,77.7
21.8,74.2,98.3
19.5,34.5,88.6
19.5,65.7,92.9
30.0,75.4,43.1
28.5,48.6,64.9
16.0,65.2,79.1
27.2,53.7,77.1
17.3,38.4,75.3
25.6,42.1,90.8
25.0,32.9,93.4
28.8,59.5,61.8
16.0,54.5,71.6
19.1,29.3,87.1
21.8,39.9,98.9
30.7,36.3,56.5
19.0,79.0,98.5
27.5,31.6,77.8
18.2,72.4,91.5
30.5,76.6,41.3
26.6,38.6,81.5
27.3,34.6,83.6
29.7,61.8,50.9
16.1,42.8,66.5
19.2,79.8,96.1
17.8,83.2,90.0
24.1,71.0,86.5
26.5,44.8,85.7
21.3,56.3,98.0
31.8,48.5,41.6
23.0,29.6,99.4
28.8,72.7,53.5
27.5,40.3,78.3
23.4,43.2,100.0
31.3,74.3,36.4
18.4,65.1,91.6
25.5,66.1,83.0
29.4,67.9,52.0
23.4,44.0,96.0
31.6,29.2,48.3
20.3,56.1,95.0
31.6,35.3,48.2
23.9,52.8,91.4
21.1,71.7,97.7
30.4,79.1,40.0
21.7,77.2,97.9
20.5,38.5,95.2
22.2,55.9,100.0
16.8,66.2,81.0
31.6,53.2,37.2
28.7,60.8,59.6
26.8,83.1,67.4
21.5,73.9,96.1
23.3,78.1,92.9
21.2,67.5,100.0
31.7,37.3,46.5
17.6,79.3,90.8
30.3,53.3,54.0
29.9,38.9,60.7
27.4,80.2,64.5
21.0,77.8,100.0
24.3,79.5,87.1
19.4,55.5,92.5
26.7,63.6,76.4
21.5,70.6,100.0
18.0,32.5,80.8
24.7,69.8,86.7
29.0,68.0,55.3
29.5,37.6,65.1
24.2,71.4,86.4
20.4,35.5,91.3
28.8,36.8,70.6
30.0,39.2,58.8
27.3,39.6,77.2
21.0,51.1,99.2
19.7,39.6,90.4
31.1,25.8,59.1
22.6,38.0,97.6
29.4,56.5,60.0
28.4,50.9,67.5
17.1,51.5,81.1
21.3,51.4,99.8
22.2,35.5,99.1
26.4,26.3,86.2
20.5,53.0,96.1
25.4,76.9,80.8
24.1,48.2,97.3
24.2,55.2,94.7
19.7,61.3,98.0
22.8,61.1,97.3
30.8,81.5,38.4
27.0,28.4,83.7
27.8,32.5,77.4
20.9,55.4,100.0
20.1,73.4,96.5
31.6,54.8,41.2
19.3,31.7,85.0
31.7,55.9,35.4
22.3,32.3,99.5
19.1,64.1,95.5
27.1,26.6,83.2
20.0,37.1,89.7
28.9,63.5,56.0
22.6,74.7,92.4
22.4,73.0,96.9
24.9,82.1,83.2
25.2,37.1,93.6
26.9,53.7,74.8
23.3,39.9,97.6
29.0,39.7,68.7
31.4,25.7,52.2
21.3,50.3,100.0
24.8,26.9,97.5
22.1,42.5,100.0
20.3,30.6,92.7
25.9,52.8,85.0
18.0,45.3,81.5
17.3,32.2,73.8
19.3,83.7,100.0
27.1,67.1,71.5
21.9,68.2,100.0
31.8,63.5,40.6
16.4,49.9,72.8
28.9,65.4,55.3
23.7,69.7,92.2
19.4,63.7,92.1
22.7,37.9,100.0
20.9,53.5,97.2
25.1,69.1,85.8
31.3,60.8,40.7
29.5,46.9,63.1
21.5,82.4,97.6
26.6,80.3,69.0
22.5,77.8,95.7
30.7,76.4,35.4
16.3,25.7,64.3
20.4,58.0,97.3
24.2,67.9,87.0
31.1,73.9,36.3
24.4,63.0,89.6
30.0,39.6,61.6
20.2,55.5,96.3
24.9,29.2,93.0
22.9,54.5,98.6
18.6,52.3,87.9
29.8,83.3,41.5
18.2,83.6,93.1
29.0,42.0,66.8
32.0,27.8,45.4
19.0,84.6,98.9
30.4,30.6,61.6
18.8,63.1,89.8
31.0,32.3,53.2
23.8,36.9,100.0
18.8,45.3,90.2
27.4,43.1,77.7
18.7,42.3,86.0
24.2,29.5,94.8
18.0,45.4,82.1
16.3,48.3,75.3
20.6,63.4,99.8
31.2,82.7,39.0
20.4,58.6,95.4
30.6,30.1,57.8
22.5,45.1,99.9
26.0,37.7,88.4
18.1,75.9,89.5
19.3,71.3,93.8
22.4,68.1,96.3
20.3,52.8,97.6
30.8,30.8,55.6
17.0,76.3,88.7
18.7,52.3,91.6
29.5,54.2,60.8
25.6,36.2,93.1
29.5,42.8,59.5
30.9,77.4,35.7
26.2,43.8,85.5
16.4,67.4,79.1
29.9,27.1,63.3
20.8,49.5,98.0
18.3,74.4,92.7
18.0,50.3,82.9
19.3,47.0,88.1
29.8,72.7,46.9
18.4,25.7,77.6
21.9,81.5,97.0
22.6,57.0,100.0
30.2,32.0,59.0
23.0,37.8,100.0
27.5,52.9,71.0
26.0,37.5,88.2
20.7,54.4,98.2
28.2,47.0,70.8
21.0,65.7,98.5
30.1,66.0,48.1
27.2,46.5,77.0
29.8,63.3,52.6
29.8,78.2,44.7
31.8,47.3,40.2
28.5,55.3,64.4
21.9,69.3,100.0
19.1,41.5,88.0
23.5,62.6,92.2
26.0,65.9,78.3
31.5,83.5,39.0
24.8,64.8,85.0
25.8,47.1,87.7
21.1,47.9,98.3
18.8,79.2,95.3
17.9,44.9,80.5
28.6,63.5,60.7
31.8,40.3,44.3
17.1,54.4,82.7
27.9,41.8,72.4
24.3,53.2,92.7
20.2,84.8,100.0
22.4,43.1,100.0
17.0,68.7,83.2
20.7,72.1,100.0
16.1,71.2,82.0
27.3,53.3,74.1
29.6,27.0,65.1
23.6,47.4,95.2
26.2,53.6,80.0
21.9,65.6,96.4
23.9,63.0,89.1
21.2,80.9,96.1
30.5,54.7,47.7
30.6,65.6,43.6
29.6,38.3,60.5
30.4,76.1,42.1
26.5,64.9,77.1
29.8,65.2,47.7
31.9,50.0,39.4
29.3,56.3,55.7
22.5,38.1,100.0
22.0,62.6,99.5
20.0,34.0,88.9
25.0,32.7,95.9
31.8,65.3,35.8
17.4,29.8,75.8
26.2,55.0,84.3
28.9,80.5,49.1
23.4,25.4,97.3
19.2,55.8,92.9
29.2,59.7,59.1
23.1,84.2,92.7
22.8,58.7,98.9
24.9,69.9,85.0
25.4,74.2,82.8
17.0,69.9,83.2
18.9,37.4,86.2
28.6,73.5,60.0
21.1,36.7,94.1
18.0,47.3,83.6
31.0,79.8,36.9
23.9,38.9,98.9
17.0,45.7,75.5
17.6,58.6,86.5
29.1,84.4,48.8
22.3,57.9,98.7
16.5,82.8,87.5
21.7,63.6,96.9
29.8,63.9,49.2
24.7,79.7,86.0
30.3,70.8,44.7
28.2,44.6,72.1
28.3,64.6,63.7
21.8,67.6,96.9
31.5,64.9,34.8
23.4,78.7,92.1
21.5,38.2,97.7
28.0,75.2,60.7
21.9,48.1,100.0
26.0,81.2,75.9
30.0,73.3,44.4
18.3,69.0,92.4
30.7,68.1,44.1
29.6,77.1,47.9
26.5,46.5,81.7
27.6,67.4,65.1
21.5,38.2,96.8
18.9,76.3,96.3
30.8,37.9,51.5
25.1,64.6,85.6
21.4,68.5,98.7
31.1,55.7,45.6
26.5,31.1,86.1
19.7,27.0,85.1
20.4,55.8,99.7
22.2,31.6,100.0
24.0,33.1,97.2
31.0,62.2,42.6
18.3,28.2,80.5
29.1,30.5,71.4
17.5,84.8,92.8
16.8,35.9,71.5
28.0,52.0,68.2
20.4,32.7,94.2
20.4,49.6,95.3
24.7,42.0,91.3
26.4,64.3,77.4
30.8,39.1,50.4
23.8,62.4,92.1
28.5,53.9,64.7
28.2,79.7,59.1
23.3,67.5,93.7
17.0,77.0,89.1
26.9,40.3,84.3
16.4,74.2,81.2
23.6,71.5,91.5
31.9,27.7,47.0
22.6,55.7,98.2
19.6,25.7,88.5
27.6,29.5,83.2
21.5,72.6,100.0
18.8,66.5,93.8
23.8,71.9,91.1
17.0,73.5,87.4
22.8,42.8,98.3
17.4,66.9,86.2
16.8,69.2,83.7
22.5,33.1,98.4
18.0,79.3,89.7
16.8,78.1,84.0
17.5,64.2,82.6
26.9,79.5,67.9
31.9,57.9,35.3
27.2,42.4,77.7
24.8,78.2,80.7
29.3,33.8,68.7
25.9,52.5,81.7
28.4,69.4,61.3
30.8,46.2,47.9
31.5,52.7,42.0
16.7,79.0,84.2
16.6,42.4,75.4
28.5,41.3,70.0
20.9,79.9,99.8
29.4,26.3,68.8
30.0,32.5,63.0
28.0,70.1,63.1
30.1,72.3,44.7
23.3,27.1,97.2
26.3,48.9,83.3
26.4,46.6,81.1
23.4,25.6,100.0
16.2,25.4,62.3
30.8,60.3,45.4
31.3,41.2,50.2
22.3,27.4,100.0
25.8,29.5,91.7
17.5,42.5,79.5
30.5,26.8,61.7
17.3,37.1,77.6
25.4,27.7,92.5
16.4,43.2,70.0
21.1,56.3,98.5
19.7,25.5,88.7
22.6,57.9,98.0
27.3,67.2,68.3
27.3,58.0,76.0
19.7,68.4,98.0
24.2,80.7,84.9
17.1,66.0,85.3
20.7,40.8,92.7
23.4,69.7,91.5
28.7,48.5,64.8
25.4,59.2,83.0
25.4,54.1,88.3
31.1,31.0,51.7
19.8,26.5,88.8
31.8,69.7,36.5
21.7,36.8,100.0
19.2,39.0,88.3
28.8,59.1,61.9
16.3,67.8,80.8
23.4,27.7,100.0
30.9,54.9,45.5
27.7,79.5,62.5
24.2,26.6,99.9
17.9,58.4,86.8
28.3,69.6,63.2
17.4,37.4,76.2
18.8,45.8,86.3
31.5,52.0,43.9
23.1,34.1,100.0
16.3,69.5,79.2
20.6,72.0,100.0
23.6,58.0,94.6
22.1,47.0,99.6
25.2,33.7,91.8
26.8,67.4,72.3
27.8,31.3,79.1
20.4,68.1,98.2
31.6,73.0,40.1
21.2,55.2,97.0
18.5,44.7,82.9
21.0,55.2,100.0
24.5,75.5,86.0
30.9,59.1,42.4
32.0,75.5,38.8
18.7,60.3,90.3
16.2,37.1,69.9
20.2,71.1,96.0
25.5,25.5,90.6
21.4,47.2,96.3
31.2,78.1,36.2
26.6,39.3,82.4
21.1,61.3,100.0
24.7,74.4,85.9
29.3,61.5,59.3
31.3,53.7,42.9
21.6,82.6,97.6
19.9,57.0,93.8
24.3,34.4,97.0
24.0,66.6,93.3
24.5,56.3,92.1
24.2,61.7,93.8
18.0,71.1,89.5
20.1,40.1,90.8
22.2,30.6,98.4
22.7,56.4,95.0
27.8,79.8,62.0
16.8,38.7,70.6
23.8,42.6,98.7
16.7,49.6,78.4
29.4,59.9,55.7
22.9,74.1,93.7
29.6,72.7,47.2
23.1,30.2,100.0
31.5,72.1,35.0
27.1,25.9,82.3
19.4,40.7,87.4
18.9,54.2,88.7
29.1,32.5,68.3
27.0,68.2,70.0
31.0,25.6,57.7
25.5,81.4,80.4
17.3,46.7,77.8
28.0,32.6,75.6
22.1,72.0,96.0
20.7,50.7,96.3
20.6,62.1,98.1
16.5,66.5,78.1
19.4,41.8,92.4
26.7,74.2,73.9
27.7,66.6,66.5
19.3,35.9,85.5
23.9,41.3,94.9
25.4,46.3,88.4
22.2,33.6,98.0
28.9,29.6,74.3
23.5,67.7,95.7
28.4,83.5,57.5
23.0,47.3,100.0
19.1,77.3,97.1
16.8,32.5,71.7
17.3,49.1,81.6
19.5,52.0,95.5
24.7,40.4,92.2
24.4,56.2,89.5
28.9,50.9,64.9
27.6,52.9,74.3
22.5,74.4,95.7
23.8,38.1,100.0
31.3,34.1,50.2
30.4,84.7,39.6
23.5,50.0,98.7
28.0,73.9,63.5
20.5,55.8,96.4
25.6,55.6,83.8
25.1,30.1,94.5
19.4,74.3,94.1
27.2,69.4,68.8
19.8,84.1,97.0
26.3,81.9,69.5
19.2,27.0,84.7
18.2,55.9,88.2
23.3,36.7,98.7
28.8,56.2,65.4
18.6,63.8,89.4
23.3,73.8,91.3
20.8,42.2,96.1
25.8,71.8,76.7
18.9,59.0,91.2
20.8,27.6,90.7
30.9,79.7,37.4
20.5,84.6,96.8
16.6,83.8,86.8
17.6,49.3,79.7
20.9,30.2,92.1
23.9,48.1,94.1
26.5,71.8,76.1
25.2,34.6,93.2
18.7,48.7,89.1
16.5,71.2,80.4
21.3,76.0,100.0
27.1,29.6,86.6
26.2,70.1,75.5
23.7,80.9,85.6
20.8,79.4,96.8
30.7,33.3,56.9
22.0,55.1,98.9
20.9,80.1,100.0
23.0,56.8,95.4
25.2,71.7,85.3
29.2,35.2,67.6
27.5,76.2,62.8
24.3,68.2,88.3
31.4,70.6,35.5
27.9,47.8,72.4
31.9,83.9,38.7
19.8,38.3,92.7
26.6,29.4,84.6
19.2,79.2,94.1
20.7,73.9,100.0
21.9,54.5,100.0
26.5,58.5,75.8
26.1,35.5,87.1
25.9,35.9,86.0
27.1,84.4,63.7
20.8,38.3,97.6
30.1,34.1,63.6
27.6,32.5,76.9
28.3,32.1,77.0
30.9,39.9,52.3
25.5,71.9,77.6
17.4,57.1,83.4
18.6,74.0,91.8
28.4,35.4,74.2
22.9,38.1,97.8
28.4,64.0,64.4
27.0,34.0,84.2
17.9,61.2,84.0
28.4,39.1,74.4
29.6,56.9,53.5
16.5,78.2,80.8
25.9,77.7,74.1
29.5,61.2,55.1
27.7,60.0,68.0
16.8,34.4,69.0
22.9,70.2,94.8
26.8,79.8,68.2
18.3,30.1,82.2
19.8,27.1,86.1
19.6,78.7,100.0
21.4,73.5,99.7
25.7,53.5,83.8
24.0,76.7,90.7
23.3,43.9,95.7
19.6,77.7,95.4
28.3,63.3,63.3
18.7,62.2,91.2
28.5,77.4,57.4
26.6,25.5,85.6
19.7,40.1,92.6
25.7,58.5,82.6
24.7,63.0,85.7
30.2,59.8,52.2
26.5,38.3,87.5
28.6,58.0,61.2
21.4,53.1,100.0
25.1,79.2,79.9
30.6,26.2,59.6
23.8,43.3,94.3
26.9,38.0,82.4
23.6,61.2,92.3
30.7,41.7,52.6
19.9,69.2,95.2
25.9,28.2,93.0
23.1,68.3,96.9
19.5,36.1,85.9
19.7,34.2,92.0
29.7,46.1,59.1
23.5,61.4,96.0
25.6,35.6,87.9
30.6,48.0,50.1
19.0,84.2,94.6
20.2,80.6,100.0
29.9,27.9,62.3
19.3,32.4,87.4
27.4,47.3,73.8
27.9,33.2,76.9
20.1,33.1,94.0
25.6,79.2,78.9
22.4,54.7,100.0
17.0,41.8,75.3
20.4,38.5,93.1
18.5,63.3,89.2
20.2,59.7,95.3
21.6,54.4,99.5
17.3,75.1,89.8
28.3,36.7,74.5
22.4,32.6,100.0
31.3,50.6,45.1
30.3,46.3,53.6
19.1,80.8,96.1
28.5,41.8,69.8
30.4,39.7,59.0
17.8,61.7,88.4
16.7,57.5,78.5
31.0,66.9,40.5
31.5,79.6,38.1
19.5,72.3,98.4
17.6,46.4,83.6
17.3,82.6,88.4
28.7,80.0,55.7
21.3,71.9,100.0
25.9,28.4,93.7
31.2,30.9,55.8
24.9,79.7,79.1
22.2,82.5,94.6
22.0,43.8,100.0
27.0,49.4,78.8
26.7,67.1,74.0
22.8,67.0,95.3
28.7,49.9,66.9
18.3,41.1,83.9
25.7,42.0,87.2
26.2,38.1,88.1
20.6,68.4,100.0
20.0,71.1,99.9
18.5,57.6,86.2
20.7,62.9,98.0
16.9,66.7,83.1
19.8,77.6,96.8
16.3,50.9,71.3
29.0,35.0,69.4
25.2,74.6,79.8
25.8,51.7,82.9
30.7,43.6,54.4
21.6,45.6,98.8
27.1,62.1,71.4
16.6,47.0,77.1
27.6,77.1,64.5
24.2,71.9,85.4
20.9,78.7,100.0
27.7,80.6,61.7
30.6,59.1,48.0
23.6,30.7,97.6
17.4,27.9,71.9
18.0,70.6,87.1
31.7,46.1,44.5
23.7,48.4,95.4
23.2,46.2,96.9
23.1,60.9,97.5
24.8,77.4,82.6
26.9,30.4,87.6
23.1,32.6,99.3
20.5,69.6,100.0
26.6,74.8,73.4
20.5,42.2,94.1
31.8,80.7,37.8
30.7,73.2,37.2
20.4,39.3,94.6
27.2,30.3,84.4
16.9,81.1,89.3
28.3,42.3,68.8
26.5,56.4,79.1
29.9,84.4,38.6
31.9,49.3,37.1
16.3,66.7,80.2
17.6,59.0,83.4
17.7,51.3,82.8
31.5,62.4,37.7
19.4,59.6,93.1
28.6,47.7,70.1
26.9,43.8,79.8
30.8,48.0,51.8
23.1,30.5,98.9
22.5,77.3,95.4
29.5,55.7,59.9
22.7,84.4,91.3
31.0,25.5,55.4
28.1,31.1,76.2
31.1,45.3,50.3
26.2,45.4,83.2
18.3,47.3,87.5
23.1,58.3,98.2
24.6,36.6,94.0
19.0,26.7,83.2
24.8,38.3,91.3
16.1,79.0,79.3
29.3,34.3,65.8
31.1,29.0,56.7
23.2,68.7,91.4
18.5,67.3,92.0
20.5,29.3,90.8
31.8,35.8,43.2
19.2,81.6,95.5
29.9,70.4,49.8
16.4,26.7,64.3
25.9,64.9,83.2
31.1,45.2,49.0
27.3,72.0,66.1
28.8,54.2,65.2
31.1,60.9,43.9
16.8,69.3,85.7
24.8,84.0,84.1
24.8,78.5,83.8
19.4,36.5,88.2
16.9,45.7,77.6
28.3,34.3,77.1
26.5,55.2,81.2
18.4,64.8,89.9
17.9,76.1,91.4
25.8,75.1,79.1
21.5,43.0,100.0
27.5,74.9,67.8
23.5,32.1,98.4
24.3,59.6,90.6
20.8,82.0,100.0
19.6,59.2,94.0
17.8,28.7,76.5
26.2,71.7,73.8
30.5,76.7,40.4
27.9,50.1,71.4
30.6,70.4,40.8
29.0,55.9,58.6
22.4,64.5,95.6
17.1,72.9,87.8
22.6,81.0,95.4
20.7,43.2,94.3
24.9,37.9,90.2
25.6,58.5,85.7
23.1,46.7,100.0
24.7,54.6,91.7
18.1,53.0,82.8
30.5,31.1,58.7
28.2,29.0,79.2
22.8,79.6,94.7
16.5,68.4,77.8
31.9,79.8,39.0
22.5,83.7,96.5
29.8,46.9,59.8
18.1,64.1,88.0
29.8,72.1,49.2
18.3,83.0,95.9
22.0,25.3,98.3
20.6,30.6,91.2
18.9,46.8,91.1
32.0,80.0,38.9
22.5,37.8,100.0
29.3,62.2,56.3
22.2,36.6,97.9
26.1,33.7,88.6
21.7,82.7,98.6
22.1,84.9,94.6
28.9,72.7,53.9
17.5,62.8,87.3
21.4,29.7,97.4
23.3,59.9,97.5
16.6,26.8,69.2
23.1,59.0,93.6
22.2,59.1,97.6
27.9,39.4,76.9
21.3,57.3,97.4
21.2,31.0,93.1
16.9,56.4,81.0
23.0,84.7,92.4
29.1,38.6,66.6
27.4,55.1,76.4
18.2,40.2,80.8
20.4,62.9,96.3
29.0,63.9,60.2
25.5,78.6,81.0
20.5,60.6,100.0
20.2,48.1,93.4
18.1,38.1,83.0
28.8,39.4,69.9
27.9,29.7,80.1
28.7,48.2,67.8
28.6,59.5,64.6
16.6,47.5,76.6
31.6,46.7,41.3
28.3,36.2,72.5
22.4,39.8,99.1
21.2,80.2,100.0
25.6,70.6,82.9
20.8,25.9,93.5
26.1,60.1,77.5
18.0,43.4,82.8
21.9,46.2,96.9
27.7,34.8,77.2
30.9,36.5,55.7
17.7,54.4,83.5
24.8,74.8,82.2
23.7,81.3,89.7
16.7,70.9,83.4
25.1,66.6,87.6
16.3,81.1,85.6
22.6,31.7,98.9
16.6,62.7,77.3
16.8,36.5,70.3
25.9,43.7,85.5
30.6,72.8,39.8
24.4,34.3,97.5
25.1,32.7,93.3
18.2,51.4,88.4
24.7,73.7,82.4
18.8,59.1,92.2
31.7,49.1,41.4
17.6,48.8,79.1
24.4,29.5,97.5
17.7,82.6,90.8
18.3,75.3,95.4
17.2,50.5,81.3
28.1,70.8,61.5
26.2,83.5,71.6
24.0,78.7,90.2
24.4,47.5,90.3
20.4,60.0,96.3
24.8,82.7,79.4
18.8,58.8,92.8
31.0,71.8,35.2
31.1,37.2,49.9
24.0,78.7,87.4
20.2,34.1,94.0
26.3,75.4,72.1
20.5,51.4,95.0
23.3,67.1,93.0
28.3,32.4,78.0
25.0,72.8,83.8
25.1,82.8,77.8
27.1,72.6,72.1
21.5,77.5,96.4
20.2,27.7,87.8
23.2,45.4,97.4
27.3,71.6,65.5
23.4,84.4,91.2
19.0,31.7,84.8
19.9,27.2,91.2
28.1,62.4,68.3
31.7,33.4,47.8
19.9,28.5,89.0
16.6,55.2,78.8
27.9,41.7,76.3
24.4,49.8,94.0
17.8,75.4,90.2
22.2,72.6,97.5
17.1,61.8,79.5
26.3,56.3,80.8
25.1,78.0,78.5
21.3,25.8,95.3
29.6,52.1,59.6
19.1,44.6,86.8
19.1,27.0,86.6
17.6,54.7,83.7
20.2,77.1,96.5
31.3,51.5,41.2
17.8,42.6,81.8
16.2,26.3,64.4
28.0,71.8,64.4
17.2,82.6,90.3
29.6,41.9,60.8
30.7,34.1,58.7
26.2,34.1,86.8
21.3,46.5,99.3
19.2,66.9,93.7
30.6,39.0,57.7
24.1,64.2,89.5
21.5,44.0,99.6
24.3,30.0,99.8
25.3,49.2,86.1
26.6,75.8,74.0
22.0,25.7,96.8
30.1,42.3,56.9
26.2,56.4,82.0
19.9,77.7,99.5
25.8,58.3,83.9
30.2,27.8,64.9
19.9,64.3,96.9
23.1,71.7,94.7
27.6,43.6,75.6
16.3,51.7,71.1
24.2,45.2,93.1
21.5,47.3,98.3
31.7,35.4,49.2
29.8,25.4,67.3
20.1,53.4,97.7
27.4,38.4,77.7
21.5,52.6,99.0
21.5,48.4,99.9
17.7,72.0,89.8
26.4,67.4,77.5
27.7,29.5,78.2
19.6,48.9,95.3
16.2,35.8,69.2
21.5,25.5,94.1
17.3,67.1,84.5
22.2,56.0,97.2
17.5,77.6,89.4
28.9,83.6,53.3
23.5,78.9,88.4
24.4,62.4,88.0
31.3,40.2,46.5
18.4,45.5,83.6
32.0,25.8,47.8
18.8,30.7,82.2
26.5,58.8,78.7
18.8,84.2,99.0
31.3,80.7,36.0
18.6,54.7,86.0
23.7,32.7,100.0
21.5,41.3,100.0
16.8,61.1,78.9
31.0,26.7,54.0
16.8,48.9,76.0
24.6,75.8,85.1
29.6,54.5,53.9
17.5,45.1,82.3
27.2,57.5,76.6
22.6,85.0,90.7
24.2,34.3,94.3
20.3,57.3,98.9
31.7,75.6,36.7
21.2,78.8,96.0
29.4,44.5,64.3
19.4,65.8,95.8
31.1,42.0,50.6
17.2,54.3,77.9
26.6,35.7,87.8
25.3,32.6,94.4
18.5,82.3,93.3
28.3,30.3,75.4
27.4,68.4,70.4
29.6,43.9,63.6
31.0,25.3,54.7
16.1,44.2,66.9
20.1,60.7,96.3
25.5,57.9,86.6
30.5,71.5,42.5
17.8,52.7,83.1
23.7,31.8,98.8
28.1,81.5,59.9
28.6,52.2,66.1
28.0,79.5,61.5
16.8,34.8,68.3
27.7,84.7,60.8
21.2,52.6,100.0
27.4,42.5,77.7
16.9,56.7,82.3
20.2,42.6,92.8
29.8,74.8,46.7
24.0,54.0,95.3
24.6,31.4,96.0
16.7,37.8,74.2
28.4,63.0,63.4
29.1,51.4,63.6
22.8,52.8,100.0
17.7,78.4,92.2
28.5,47.6,66.6
27.3,52.8,77.2
23.8,69.2,90.3
17.6,28.0,74.6
16.3,69.1,80.3
23.7,69.0,91.6
17.7,34.9,78.7
21.1,51.6,96.1
32.0,37.5,41.5
21.6,55.0,99.1
28.1,45.6,73.7
20.6,51.1,99.1
31.8,43.0,42.5
29.4,54.6,58.4
23.8,60.9,93.9
31.5,51.9,39.3
16.3,63.5,75.8
18.0,27.5,75.8
31.2,60.4,40.3
31.6,78.5,40.5
28.7,36.2,68.9
26.9,79.2,70.7
30.5,57.7,45.5
27.3,80.4,67.4
30.5,41.2,56.0
27.8,55.0,70.4
31.0,69.1,38.1
26.9,56.4,74.9
16.3,52.5,72.5
23.3,55.9,93.5
19.1,41.0,88.0
19.2,62.3,93.5
18.2,56.4,85.0
20.2,34.3,92.8
19.5,38.8,91.9
27.3,29.2,84.5
29.0,71.9,56.5
26.8,39.6,79.9
16.1,31.9,62.7
29.2,52.5,61.6
23.4,62.4,94.1
16.4,48.2,71.4
18.7,60.2,91.7
31.0,28.8,57.8
22.2,57.1,100.0
20.1,71.9,97.9
17.2,70.7,83.4
26.5,76.0,74.3
24.6,33.4,93.9
28.4,80.2,53.9
29.5,54.8,57.4
22.3,73.6,98.5
27.1,70.7,70.8
29.8,83.0,41.3
24.6,62.6,91.0
16.9,48.6,75.6
24.4,30.4,97.7
16.2,36.3,69.0
22.9,56.0,100.0
24.6,25.1,96.1
26.1,73.3,73.3
27.3,51.0,76.4
21.0,40.4,98.4
20.4,75.4,96.9
17.1,63.0,82.5
29.2,41.9,62.1
30.2,56.0,53.6
21.0,72.7,97.2
16.9,49.8,80.0
21.3,42.4,95.1
24.9,39.7,94.7
16.5,39.3,70.3
27.7,33.9,81.2
31.1,31.8,54.6
25.0,54.6,86.4
17.0,54.8,81.8
31.0,48.3,47.7
18.4,64.6,87.9
27.7,57.9,72.6
21.8,49.8,100.0
28.5,42.0,71.3
26.8,29.6,84.4
29.2,61.8,58.7
27.4,50.8,72.8
23.4,77.8,90.0
28.8,38.4,71.9
31.4,36.7,48.8
21.8,27.1,95.6
20.0,56.1,94.5
30.5,44.9,54.7
20.2,64.1,95.1
22.6,67.3,94.5
23.0,59.0,94.1
27.8,30.8,77.7
20.1,67.6,96.5
19.9,66.8,99.0
21.9,50.4,100.0
24.6,33.7,95.0
21.1,55.8,98.6
28.0,57.8,69.3
23.5,45.4,99.9
27.2,85.0,61.8
25.4,36.6,90.9
29.9,58.8,49.7
18.9,60.8,93.7
19.7,26.9,85.7
24.2,76.4,84.5
27.1,25.8,86.9
23.8,37.1,99.7
25.8,58.3,84.2
16.6,32.5,67.4
18.1,56.0,84.2
22.6,36.0,100.0
18.5,42.3,84.2
21.1,84.4,96.2
29.0,31.0,70.4
31.5,56.0,39.7
16.7,54.4,78.5
16.6,50.3,74.1
29.5,38.4,62.7
16.6,32.6,66.4
18.9,62.3,90.2
25.3,68.1,81.8
29.8,84.0,42.7
27.6,38.2,80.8
23.3,66.8,96.0
30.7,71.1,41.6
31.1,50.8,43.7
25.6,49.4,85.5
21.1,27.3,96.8
30.7,83.4,35.0
17.0,32.1,73.6
26.8,70.5,70.4
27.8,37.3,77.6
24.8,78.7,83.1
31.7,74.1,34.8
30.6,74.3,36.4
29.9,38.2,61.5
16.4,80.6,82.6
25.9,74.6,80.0
24.3,71.7,87.8
25.8,40.6,89.7
20.9,67.7,100.0
19.2,31.0,85.0
28.2,80.0,56.6
30.2,54.0,53.6
21.5,49.2,98.2
18.2,65.1,88.7
26.1,30.2,91.1
31.4,42.1,45.4
26.5,48.3,81.8
17.4,34.3,74.0
20.9,66.8,100.0
17.8,51.5,81.9
20.9,67.8,98.7
23.6,25.6,98.4
18.5,26.4,80.6
31.7,67.2,38.9
23.1,60.7,96.0
31.7,76.3,39.8
30.1,27.7,62.6
22.2,32.9,100.0
29.5,68.4,53.1
27.7,77.5,63.3
27.4,72.2,66.3
23.0,81.6,93.3
18.2,78.9,89.9
19.8,28.3,87.1
28.3,62.5,63.0
28.2,65.2,61.0
27.0,63.3,70.7
20.8,25.3,90.6
31.9,61.4,39.0
26.9,75.4,71.2
27.2,77.2,67.1
26.2,66.4,79.5
28.7,63.9,60.1
30.3,46.1,55.4
31.6,79.7,35.7
16.7,77.0,86.6
22.2,43.6,97.0
21.3,57.2,100.0
20.2,56.5,93.8
30.1,79.8,42.4
21.0,52.4,98.6
31.8,73.3,38.5
30.5,56.9,48.8
21.4,65.2,99.8
24.9,41.6,93.8
20.9,52.1,96.0
20.9,70.8,97.1
27.8,62.0,66.7
22.2,52.2,99.3
31.3,43.5,46.1
26.8,44.7,79.0
27.2,57.8,74.3
28.4,28.6,78.6
25.8,45.2,86.1
20.3,50.8,94.5
16.9,27.1,70.8
27.3,70.7,70.2
30.7,71.7,41.1
23.7,75.8,89.4
22.7,56.9,97.8
22.1,76.5,94.0
25.0,71.5,82.9
30.4,35.2,60.2
26.3,55.1,81.6
22.1,47.4,98.8
17.6,47.0,81.0
31.7,61.5,35.6
21.3,65.5,100.0
22.6,55.0,100.0
27.7,25.4,83.5
22.0,53.8,99.1
25.7,39.3,91.0
31.2,58.1,42.6
27.9,38.8,72.8
28.3,65.0,61.0
25.9,48.4,84.5
29.5,26.3,67.0
31.8,26.4,52.3
27.2,39.8,78.9
19.1,35.8,86.3
18.8,39.5,87.2
27.8,84.1,56.5
25.6,72.1,78.4
19.5,29.2,88.7
23.3,56.5,96.9
29.1,55.3,59.4
16.9,78.7,86.4
30.4,67.5,46.7
21.8,43.6,100.0
30.9,44.0,49.5
17.1,80.3,89.3
28.8,58.4,61.8
31.4,71.6,38.6
23.0,78.2,92.6
17.4,42.7,80.1
25.8,62.8,80.9
26.9,75.5,71.0
28.0,27.7,80.5
25.9,68.0,81.8
26.1,60.5,78.7
31.2,45.5,45.6
25.5,62.5,80.6
31.0,41.7,51.4
19.6,64.5,96.9
17.8,29.2,77.3
24.2,75.5,85.5
23.5,69.9,90.0
22.3,46.9,100.0
23.2,68.6,92.1
24.1,45.2,92.3
17.4,34.4,76.2
24.8,55.9,87.7
24.5,84.7,82.0
28.5,64.4,64.5
24.1,71.3,90.0
27.0,64.6,71.8
26.6,60.9,76.3
31.8,42.2,43.7
27.2,61.3,75.0
20.8,57.8,98.2
16.6,74.0,82.6
20.5,67.0,100.0
31.0,58.1,41.1
22.2,31.5,97.6
26.0,39.8,87.1
20.5,48.2,93.4
17.3,67.5,84.8
20.9,29.8,95.6
22.8,44.8,98.6
27.9,36.1,76.5
24.0,52.9,93.5
27.4,40.8,76.8
23.2,84.7,92.6
28.6,77.0,58.1
26.7,46.3,83.7
18.2,52.9,86.4
29.7,73.3,45.1
27.0,38.4,82.5
31.9,50.5,39.6
24.3,61.0,90.2
29.0,30.6,70.7
30.7,78.1,37.1
16.2,41.3,69.0
26.0,46.1,83.7
26.3,45.9,82.2
28.0,45.1,74.0
29.7,25.7,68.2
25.2,84.8,77.3
21.7,84.1,94.9
20.2,55.2,98.5
17.7,32.5,76.3
30.6,84.3,39.7
27.9,80.1,57.8
23.4,58.5,94.9
22.9,64.2,96.0
23.5,36.8,99.9
17.6,50.9,84.3
18.5,59.5,88.3
16.1,68.0,76.4
27.2,71.3,70.1
16.2,26.8,63.0
31.5,58.9,38.1
24.8,67.6,88.5
23.6,74.3,89.5
30.0,44.3,55.2
24.1,72.8,89.5
28.6,53.0,66.0
29.9,47.2,57.1
26.0,64.6,80.4
18.2,63.2,91.8
29.2,35.1,67.0
24.0,58.6,90.7
19.4,76.3,98.1
30.2,37.0,60.5
18.7,42.9,84.7
32.0,29.8,44.9
26.0,68.3,76.3
16.0,78.5,81.7
25.4,29.8,90.3
20.0,60.9,98.3
29.7,29.2,68.9
20.5,55.5,95.9
17.0,34.3,75.4
25.4,29.8,91.9
30.5,33.8,59.0
22.0,55.0,98.1
26.0,41.7,83.6
20.4,28.1,91.0
31.9,66.7,38.8
16.4,52.3,75.0
16.2,71.5,80.2
29.5,53.7,58.0
30.3,63.1,48.0
16.2,41.5,68.6
30.5,58.3,48.7
27.7,61.1,70.1
30.7,55.2,49.8
20.5,26.1,93.0
29.8,30.6,61.9
27.9,81.1,59.0
29.6,80.4,48.6
23.9,60.0,95.3
21.5,74.9,99.5
24.3,47.2,93.1
22.6,26.0,97.2
30.2,75.8,41.3
22.0,52.0,100.0
28.2,25.9,79.7
19.9,30.4,88.1
26.8,51.5,78.5
26.0,66.8,80.2
26.2,27.9,90.8
28.0,73.7,59.1
20.6,58.2,97.9
21.8,66.8,97.8
19.5,36.4,86.8
24.2,68.4,90.8
19.3,45.1,88.4
18.7,26.4,79.4
20.8,38.4,95.7
23.1,25.7,97.4
30.6,28.0,58.7
17.1,81.2,88.0
31.1,40.8,47.3
26.7,35.6,86.7
28.7,47.6,69.0
17.5,34.5,78.8
21.5,39.8,97.7
29.7,46.4,60.8
16.4,70.8,79.9
21.7,30.0,97.4
16.6,60.9,81.3
30.2,35.5,60.3
16.3,55.8,77.4
29.7,45.5,59.4
25.4,64.9,83.9
23.0,50.9,99.8
22.8,70.2,96.7
16.2,42.4,67.0
21.8,46.0,100.0
25.2,76.7,79.4
22.0,61.2,100.0
19.3,59.8,95.2
17.5,29.2,77.0
26.0,44.2,83.8
22.5,37.5,100.0
30.3,26.1,60.1
27.3,31.2,83.3
30.7,82.3,39.3
17.2,50.0,77.8
20.5,37.0,95.0
19.4,35.3,88.9
16.1,68.0,79.9
28.7,25.5,75.8
22.0,53.4,100.0
23.7,25.2,100.0
25.4,64.8,81.0
26.5,62.8,77.5
26.4,61.1,81.2
22.3,35.3,98.9
19.9,45.7,91.0
28.1,28.7,76.8
16.1,76.8,78.7
16.0,75.9,79.0
25.9,84.3,75.4
20.1,35.1,91.5
25.8,76.8,79.0
28.3,72.6,59.2
19.2,78.8,94.4
23.9,69.7,92.4
21.2,62.5,100.0
20.5,41.4,96.4
31.1,33.1,51.5
19.5,50.6,89.7
28.9,29.3,74.3
23.0,60.8,95.2
19.0,29.7,83.0
31.2,73.3,37.0
17.6,42.5,79.3
20.0,51.7,94.0
18.2,48.9,88.0
21.5,27.2,97.0
16.9,70.1,82.0
18.4,77.7,96.3
23.5,26.2,100.0
28.6,36.6,70.8
19.9,49.7,91.3
22.7,65.1,96.0
22.3,27.2,96.8
28.3,31.5,77.2
27.1,74.7,67.9
23.7,71.2,92.0
29.7,30.9,65.1
23.2,52.9,96.7
27.7,49.7,70.5
29.3,54.1,58.7
24.5,59.4,88.5
25.2,55.1,90.2
18.2,76.5,91.3
31.0,57.9,40.8
21.1,47.0,97.9
31.0,62.6,39.7
17.3,63.7,83.5
27.9,38.1,75.0
27.2,72.4,67.6
23.8,62.2,95.4
19.0,79.8,99.0
29.0,33.5,70.7
25.7,79.6,77.9
31.8,41.2,41.4
17.4,77.9,88.2
27.8,69.8,65.4
29.1,40.8,67.8
18.0,33.8,77.1
18.7,82.7,95.0
25.1,36.6,91.5
19.2,41.9,88.4
20.9,62.9,96.7
22.3,76.2,97.7
16.7,52.4,75.3
20.5,79.0,100.0
29.2,71.5,52.9
17.1,60.4,79.2
25.0,49.8,89.8
29.2,55.9,60.2
21.9,78.0,94.1
26.7,66.1,75.8
27.0,75.9,71.5
17.3,30.3,71.6
28.6,67.1,61.7
16.2,45.3,71.9
28.5,55.0,66.0
17.0,40.7,76.2
17.1,65.1,83.7
25.3,73.7,82.3
27.6,49.4,75.0
25.6,74.9,78.8
29.6,48.5,59.2
22.5,29.1,96.5
19.8,72.7,98.3
23.2,29.0,98.7
21.9,60.6,100.0
27.8,48.1,72.3
29.4,74.0,51.7
17.1,50.0,78.6
23.8,70.8,89.3
23.0,83.0,91.0
25.5,73.2,81.1
27.6,44.7,73.9
31.1,68.7,40.3
24.3,54.6,89.6
27.2,73.7,70.4
21.0,39.8,96.7
21.4,57.3,100.0
26.5,70.0,77.1
24.0,58.3,91.5
30.9,29.0,59.5
24.2,45.7,97.4
24.4,52.4,90.2
25.9,84.2,73.1
29.4,73.5,51.8
28.0,25.6,76.8
19.1,58.2,91.7
18.1,28.9,81.2
24.9,35.0,94.9
16.1,56.9,71.4
27.3,48.6,75.5
30.7,75.4,36.4
18.2,75.4,89.4
30.3,50.1,51.0
16.6,71.3,83.0
16.4,51.7,74.7
20.2,39.0,93.1
30.9,60.1,42.2
30.9,43.2,50.7
25.5,76.6,81.0
26.9,54.8,75.2
19.6,71.3,98.5
25.7,36.1,88.3
22.7,25.2,100.0
22.9,35.1,98.7
17.0,45.3,78.0
21.5,43.8,100.0
21.3,64.7,97.2
23.2,83.8,89.6
22.7,54.1,95.8
19.9,27.7,90.9
29.5,65.1,51.5
28.2,55.5,69.6
31.9,77.6,35.5
27.7,54.8,71.3
29.5,59.0,55.5
17.3,46.4,81.2
22.9,42.8,97.3
30.5,32.3,59.1
26.2,44.1,84.6
23.5,28.7,96.9
18.0,51.6,87.2
28.6,53.3,67.0
25.3,53.6,86.3
18.8,26.8,79.9
20.5,45.6,92.7
28.7,57.3,65.0
24.3,26.4,98.7
28.1,78.1,57.5
21.0,62.6,97.7
31.1,70.0,35.3
22.5,51.0,97.5
28.5,38.3,71.5
29.2,43.2,67.5
18.7,71.7,96.2
26.9,72.0,68.9
21.5,56.7,99.3
27.7,26.9,81.2
29.3,37.9,63.2
30.9,67.2,42.3
25.8,39.8,87.2
28.6,78.2,53.1
29.2,35.9,66.5
31.4,28.8,51.8
27.2,60.5,75.2
25.2,80.7,77.1
26.5,30.3,84.3
19.9,66.1,96.8
29.2,37.4,66.3
17.0,31.7,70.3
17.6,30.9,74.7
21.3,63.6,99.4
22.1,49.0,100.0
18.6,35.9,81.6
31.0,74.3,36.9
19.3,84.5,100.0
17.3,63.1,83.5
22.7,79.5,94.6
18.4,49.4,86.1
27.7,53.9,73.7
21.7,31.6,97.6
28.9,60.4,59.2
20.8,31.9,92.0
30.9,82.9,36.6
30.9,79.2,37.7
22.3,81.7,94.6
30.0,44.8,60.4
27.3,51.4,77.4
30.2,83.7,37.2
26.5,60.6,75.6
29.9,67.1,51.7
29.6,50.6,55.7
19.8,62.3,97.9
20.6,31.0,90.2
17.6,66.3,84.6
19.7,38.9,92.7
29.7,50.1,60.3
26.7,68.5,71.6
22.1,77.6,95.8
24.2,53.2,90.6
18.9,74.6,97.5
24.4,32.1,98.7
24.1,29.6,95.7
20.6,34.7,96.3
29.5,61.3,56.7
27.6,54.6,71.6
30.7,46.7,50.9
31.7,69.6,36.2
30.7,35.8,57.9
25.2,34.0,94.4
18.5,83.0,93.0
25.2,63.0,87.8
29.4,48.1,64.0
16.6,37.8,69.6
23.2,49.0,95.4
28.7,42.8,69.2
27.6,60.9,67.3
25.6,47.5,89.9
22.3,27.2,98.1
28.9,82.7,48.0
18.7,64.6,89.8
23.2,60.8,93.7
21.0,61.3,98.6
31.4,54.2,39.4
19.1,52.4,93.3
28.2,81.3,55.5
25.1,69.1,81.2
18.5,35.0,79.9
16.3,49.0,71.4
31.2,40.7,47.3
23.4,48.9,99.0
25.7,78.1,77.2
16.2,62.0,78.0
27.9,67.3,63.7
30.4,45.4,53.0
16.0,29.5,63.1
17.8,65.3,87.4
18.4,70.4,92.8
28.1,36.0,75.3
